decade,hindi_lyrics
1960,"तेरे मेरे सपने
अब्ब एक रंग हैं
जहां भी ले जाये
रहे हम सान्ग हैं
हूँ तेरे मेरे सपने
अब्ब एक रंग हैं
जहां भी ले जाये
रहे हम सान्ग हैं

मेरे तेरे दिल का तय
था एक दिन मिलाना
जैसे बहार आने पर
तय हैं फूल का खिलना
मेरे तेरे दिल का तय
था एक दिन मिलाना
जैसे बहार आने पर
तय हैं फूल का खिलना
ओ मेरे जीवन साथी
तेरे मेरे सपने
अब्ब एक रंग हैं
जहां भी ले जाये
रहे हम सान्ग हैं

तेरे दुःख अब्ब मेरे
मेरे सुख अब्ब तेरे
तेरे यह दो नैना
चाँद और सूरज मेरे
तेरे दुःख अब्ब मेरे
मेरे सुख अब्ब तेरे
तेरे यह दो नैना
चाँद और सूरज मेरे
ओ मेरे जीवन साथी
तेरे मेरे सपने
अब्ब एक रंग हैं
जहां भी ले जाये
रहे हम सान्ग हैं

लाख मना ले दुनिया
साथ ना यह छुटेगा
आके मेरे हाथों में
हाथ ना यह छुटेगा
लाख मना ले दुनिया
साथ ना यह छुटेगा
आके मेरे हाथों में
हाथ ना यह छुटेगा
ओ मेरे जीवन साथी
तेरे मेरे सपने
अब्ब एक रंग हैं
जहां भी ले जाये
रहे हम सान्ग हैं
हो तेरे मेरे सपने
अब्ब एक रंग हैं. आने से उस के आये बहार
जाने से उस के जाए बहार
बड़ी मस्तानी है मेरी मेहबूबा
मेरी ज़िन्दगी है मेरी मेहबूबा
आने से उस के आये बहार
जाने से उस के जाए बहार
बड़ी मस्तानी है मेरी मेहबूबा
मेरी ज़िन्दगी है मेरी मेहबूबा

गुनगुनाए ऐसे जैसे
बजाते हो घुँघरू कही पे
आके पर्वतो से जैसे
गिरता हो झरना ज़मी पे
झरनों की मौज है वो
मौजों की रवानी है मेरी
मेहबूबा मेहबूबा
मेरी जिंदगानी है
मेरी मेहबूबा

बन सवार के निकल आए
सावन का जब जब महीना
हर कोई ये समझे होगी
वो कोई चचल हसीना
पूछो तो कौन है वो रुत
ये सुहानी है मेरी मेहबूबा
मेरी जिंदगानी है
मेरी मेहबूबा मेहबूबा
बड़ी मस्तानी है मेरी मेहबूबा. बेक़रार करके हमें यूँ न जाइये
आपको हमारी कसम लौट आईये
बेक़रार करके हमें यूँ न जाइये
आपको हमारी कसम लौट आईये

देखिये वो काली काली बदलियां
ज़ुल्फ़ की घटा चुरा न ले कही
चोरी चोरी ाके शोख़ बिजलियाँ
आपकी अदा चुरा न ले कही
यूँ क़दम अकेले न आगे बढ़ाइए
आपको हमारी
बेक़रार करके हमें यूँ न जाइये
आपको हमारी कसम लौट आईये

देखिये गुलाब की वो डालियाँ
बढ़के चुम ले न आप के क़दम
देखिये गुलाब की वो डालियाँ
बढ़के चुम ले न आप के क़दम
खोए खोए भँवरे भी है बाग़ में
कोई आपको बना न ले सनम
बहकी बहकी नज़रों से खुद को बचाइए
आपको हमारी कसम लौट आईये
बेक़रार करके हमें यूँ न जाइये
आपको हमारी कसम लौट आईये

ज़िन्दगी के रास्ते अजीब है
इनमे इस तरह चला न कीजिये
खैर है इसी में आपकी हुज़ूर
अपना कोई साथी ढूंढ लीजिये
सुनके दिल की बात ना मुस्कुराइए
आपको हमारी कसम लौट आईये
बेक़रार करके हमें यूँ न जाइये
आपको हमारी कसम लौट आईये
बेक़रार करके हमें यूँ न जाइये
आपको हमारी कसम लौट आईये. ऐ मेरी जोहरा जबीं
तुझे मालुम नहीं
तू अभी तक है हसी
और मै जवान
तुझपे क़ुरबान मेरी जान मेरी जान
ऐ मेरी जोहरा जबीं
तुझे मालुम नहीं
तू अभी तक है हसी
और मै जवान
तुझपे क़ुरबान मेरी जान मेरी जान

ये शोखियाँ ये बांकापन
जो तुझ में है कही नहीं
ये शोखियाँ ये बांकापन
जो तुझ में है कही नहीं
दिलो को जीतने का फन
जो तुझ में है कही नहीं
मै तेरी
मै तेरी आँखों में पा गया दो जहां
मै तेरी
मै तेरी आँखों में पा गया दो जहां
ऐ मेरी जोहरा जबीं
तुझे मालुम नहीं
तू अभी तक है हसी
और मै जवान
तुझपे क़ुरबान मेरी जान मेरी जान

तू मीठे बोल जान े मन
जो मुस्कुराके बोल दे
तू मीठे बोल जान े मन
जो मुस्कुराके बोल दे
तो धड़कनो में आज भी
शराबी रैग घोल दे
ओ सनम
ओ सनम मै तेरा आशिक़ इ जाबीदान
ओ सनम
ओ सनम मै तेरा आशिक़ इ जाबीदान
ऐ मेरी जोहरा जबीं
तुझे मालुम नहीं
तू अभी तक है हसी
और मै जवान
तुझपे क़ुरबान मेरी जान मेरी जान
ऐ मेरी जोहरा जबीं
तुझे मालुम नहीं
तू अभी तक है हसी
और मै जवान
तुझपे क़ुरबान मेरी जान मेरी जान. रूप तेरा मस्ताना
रूप तेरा मस्ताना
भूल कोई हमसे ना हो जाए
रूप तेरा मस्ताना
भूल कोई हमसे ना हो जाए

रात नशीली मस्त समा है
आज नशे में सारा जहां है
रात नशीली मस्त समा है
आज नशे में सारा जहां है
आये शराबी मौसम बहकाये
रूप तेरा मस्ताना
भूल कोई हमसे ना हो जाए

आँखों से आँखे मिलती है जैसे
बेचैन होके तूफ़ान में जैसे
आँखों से आँखे मिलती है जैसे
बेचैन होके तूफ़ान में जैसे
मौज कोई साहिल से टकराये
रूप तेरा मस्ताना
भूल कोई हमसे ना हो जाए

रोक रहा है हमको ज़माना
दूर ही रहना पास ना आना
रोक रहा है हमको ज़माना
दूर ही रहना पास ना आना
कैसे मगर कोई दिल को समझाये
रूप तेरा मस्ताना
भूल कोई हमसे ना हो जाए.
 अभी न जाओ छोड़ कर
के दिल अभी भरा नहीं
अभी न जाओ छोड़ कर
के दिल अभी भरा नहीं
अभी अभी तो आई हो अभी अभी तो
अभी अभी तो आई हो
बहार बनके छाई हो
हवा ज़रा महाक तो ले
नज़र ज़रा बहक तो ले
ये शाम ढल तो ले ज़रा
ये शाम ढल तो ले ज़रा
ये दिल संभल तो ले ज़रा
मैं थोड़ी देर जी तो लूँ
नशे के घूंट पी तो लूँ
नशे के घूंट पी तो लूँ
अभी तो कुछ कहा नहीं
अभी तो कुछ सूना नहीं
अभी न जाओ छोड़कर
के दिल अभी भरा नहीं

सितारे झिलमिला उठे
सितारे झिलमिला उठे
चराग जगमगा उठे
बस अब न मुझको टोक न
बस अब न मुझको टोक न
न बढ़के राह रोक न
अगर मै रुक गई अभी तो
जा न पाऊंगी कभी
यही कहोगे तुम सदा
के दिल अभी नहीं भरा
जो ख़त्म हो किसी जगह
ये ऐसा सिलसिला नहीं
अभी नहीं अभी नहीं
नहीं नहीं नहीं नहीं
अभी न जाओ छोड़कर
के दिल अभी भरा नहीं

अधूरी आस अधूरी आस छोडके
अधूरी प्यास छोडके
जो रोज़ यूँही जाओगी तो
किस तरह निभाओगी
की ज़िन्दगी की राह में
जवां दिलों की चाह में
कई मुकाम आएगे जो
हम को आज़माएगे
बुरा न मानो बात का
ये प्यार है गिला नहीं
हाँ यही कहोगे तुम
सदा के दिल अभी भरा नहीं
हाँ दिल अभी भरा नहीं
नहीं नहीं नहीं नहीं. लिखे जो खत तुझे
वह तेरी याद में
हज़ारों रंग के
नज़ारे बन गए
लिखे जो खत तुझे
वह तेरी याद में
हज़ारों रंग के
नज़ारे बन गए

सवेरा जब हुआ
तो फूल बन गए
जो रात आयी तो
सितारे बन गए
लिखे जो खत तुझे

कोई नगमा कहीं गूंजा
कहाँ दिल में
यह तू आयी
कहीं चटकी काली कोई
मैं यह समझा
कोई खुशबू कहीं बिखरी
लगा यह ज़ुल्फ़ लहराई

लिखे जो खत तुझे
वह तेरी याद में
हज़ारों रंग के
नज़ारे बन गए
सवेरा जब हुआ
तो फूल बन गए
जो रात आयी तो
सितारे बन गए
लिखे जो खत तुझे

फ़िज़ा रंगीन
यह इठलाना
यह अँगड़ाई
यह तरसा कर
बना दे गा नहीं किसको
जवान जादू यह दीवाना

लिखे जो खत तुझे
वह तेरी याद में
हज़ारों रंग के
नज़ारे बन गए
सवेरा जब हुआ
तो फूल बन गए
जो रात आयी तो
सितारे बन गए
लिखे जो खत तुझे

जहाँ तू है
मेरे दिल की तू धड़कन है
मुसाफिर मैं तू मंज़िल है
मैं प्यासा हूँ तू सावन है
मेरी दुनिया यह नज़रे हैं
मेरी जन्नत यह दामण है

लिखे जो खत तुझे
वह तेरी याद में
हज़ारों रंग के
नज़ारे बन गए
सवेरा जब हुआ
तो फूल बन गए
जो रात आयी तो
सितारे बन गए
लिखे जो खत तुझे. तुम अगर साथ देने का वादा करो
मई यु ही मस्त नगमे लुटाता रहूँ
तुम मुझे देख कर मुस्कुराती रहो
मै तुम्हे देख कर गीत गता राहु
तुम अगर साथ देने का वादा करो
मई यु ही मस्त नगमे लुटाता रहूँ

कितने जलवे फिजाओ में बिखरे मगर
मैंने अब्ब तक किसी को पुकारा नहीं
तुमको देखा तोह नजरें यह कहने लगी
हमको चेहरे से हटना गवारा नहीं
तुम अगर मेरी नजरों के आगे रहो
मै हर एक शै से नजरें चुराता राहु
तुम अगर साथ देने का वादा करो
मई यु ही मस्त नगमे लुटाता रहूँ

मैंने ख्वाबो में बरसो तराशा जिसे
तुम वही संगे मर्मर की तस्वीर हो
तुम ना समझो तुम्हारा मुक्कदर हु मै
मई समझता हु तुम मेरी तक़दीर हो
तुम अगर मुझको अपना समझने लगो
में बहरो की महफ़िल सजाते राहु
तुम अगर साथ देने का वादा करो
मई यु ही मस्त नगमे लुटाता रहूँ

मैं अकेला बहुत देर चलता रहा
अब सफ़र जिंदगी का कटता नहीं
जब तलक कोई रंगीन सहारा न हो
वक़्त काफिर जवानी का कटता नहीं
तुम अगर हमकदम बनके चलती रहे
मैं जमी पर सितारे बिछता राहु
तुम अगर साथ देने का वादा करो
मई यु ही मस्त नगमे लुटाता रहूँ
तुम मुझे देख कर मुस्कुराती रहो
मै तुम्हे देख कर गीत गता राहु.
 आपकी नज़रों ने समझा
प्यार के काबिल मुझे
दिल की ऐ धड़कन ठहर
जा मिल गयी मंजिल मुझे
आपकी नज़रों ने समझा

जी हमें मंज़ूर
है आपका ये फैसला
जी हमें मंज़ूर
है आपका ये फैसला
कह रही है हर नज़र
बाँदा परवर शुक्रिया
हँसके अपनी ज़िन्दगी में
कर लिया शामिल मुझे
दिल की ऐ धड़कन ठहर
जा मिल गयी मंजिल मुझे
आपकी नज़रों ने समझा

आपकी मंज़िल हूँ मै
मेरी मंज़िल आप है
आपकी मंज़िल हूँ मै
मेरी मंज़िल आप है
क्यों मै तूफ़ा से
दारू मेरा साहिल आप है
कोई तुफानो से कह दे
मिल गया साहिल मुझे
दिल की ऐ धड़कन ठहर
जा मिल गयी मंजिल मुझे
आपकी नज़रों ने समझा

पड़ गई दिल पर मेरे
आपकी परछाईया
पड़ गई दिल पर मेरे
आपकी परछाईया
हर तरफ बजने लगी
सैकड़ो शहनईया
दो जहा की आज खुशियां
हो गयी हासिल मुझे
आपकी नज़रों ने समझा
प्यार के काबिल मुझे
दिल की ऐ धड़कन ठहर
जा मिल गयी मंजिल मुझे
आपकी नज़रों ने समझा. इशारों इशारों में दिल लेने वाले
बता ये हुनर तूने सीखा कहाँ से
निगाहो निगाहों में जादू चलाना
मेरी जान सिखा हैं तुम ने जहा से

मेरे दिल को तुम भा गए
मेरी क्या थी इस में खता
मुझे जिस ने तडपा दिया
यही थी वो ज़ालिम अदा
यही थी वो ज़ालिम अदा
ये राँझा की बाते ये मजनू के किस्से
अलग तो नहीं हैं मेरी दास्ता से
इशारों इशारों में दिल लेने वाले
बता ये हुनर तूने सीखा कहाँ से

वो मोहब्बत जो करते हैं
वो मोहब्बत जताते नहीं
धड़कने अपनी दिल की
कभी किसी को सुनाते नहीं
किसी को सुनाते नहीं
मजा क्या रहा जब
के खुद कर दिया हो
मोहब्बत का इजहार अपने जुबान से
निगाहो निगाहों में जादू चलाना
मेरी जान सिखा हैं तुम ने जहा से

ो माना के जाना-ये-जहा
लाखों में तुम एक हो
हुमारी की निगाहों की भी
कुछ तो मगर दाद दो
कुछ तो मगर दाद दो
बहारों को भी नाज जिस फूल पर था
वही फूल हम ने चुना गुलसिता से
इशारों इशारों में दिल लेने वाले
बता ये हुनर तूने सीखा कहाँ से
निगाहो निगाहों में जादू चलाना
मेरी जान सिखा हैं तुम ने जहा से
बता ये हुनर तूने सीखा कहाँ से
मेरी जान सिखा हैं तुम ने जहा से
बता ये हुनर तूने सीखा कहाँ से
मेरी जान सिखा हैं तुम ने जहा से."
1970,"मैं शायर तो नहीं
मगर ऐ हसीं
जब से देखा मैं ने
तुझ को मुझ को
शायरी आ गई

मैं आशिक तो नहीं
मगर ऐ हसीं
जब से देखा मैं ने
तुझ को मुझ को
आशिक़ी आ गई

प्यार का नाम मैं
ने सुना था मगर
प्यार क्या है ये मुझ
को नहीं थी खबर
मैं तो उलझा रहा
उलझनों की तरह
दोस्तों में रहा
दुश्मनों की तरह
मैं दुश्मन तो नहीं
मगर ऐ हसीं
जब से देखा मैं ने
तुझ को मुझ को
दोस्ती आ गई

सोचता हूँ अगर
मैं दुआ मांगता
हाथ अपने उठाकर
मैं क्या मांगता
जब से तुझ से मुहब्बत
मैं करने लगा
तब से ऐसे इबादत
मैं करने लगा
मैं क़ाफ़िर तो नहीं
मगर ऐ हसीं
जब से देखा मैं ने
तुझ को मुझ को
बंदगी आ गई.

 क्या खूब लगती हो
क्या खूब लगती हो
फिर से कहो
जीवन का हर सपना अब्ब सच्चा लगता है
क्या खूब लगती हो
क्या खूब लगती हो

तरीफ करोगे कब तक
मेरे सीने में साँस रहेगी जब तक
कब तक मैं रहूंगी मनन में
सूरज होगा जब तक नील गगन में
फिर से कहो
जीवन का हर सपना अब्ब सच्चा लगता है
ो

तुम प्यार से प्यारी हो
ओह ओह ओह ओह…….
खुश हो ना मुझे तुम पाकर
प्यासे दिल को आज मिला है सागर
क्या दिल में है और तमन्ना
हर जीवन में तुम मेरी ही बलमा
फिर से कहो
जीवन का हर सपना अब्ब सच्चा लगता है
ो
तुम प्यार से प्यार हो
तुम प्यार से प्यार हो
मम हम हम हम हम हम………..
 यूँ ही तुम मुझसे बात करती हो
यूँ ही तुम मुझसे बात करती हो
यूँ ही तुम मुझसे बात करती हो
या कोई प्यार का इरादा है
अदाए दिल की जनता ही नहीं
अदाए दिल की जनता ही नहीं
मेरा हमदम भी कितना सादा है
यूँ ही तुम मुझसे बात करती हो

रोज आती हो तुम ख्यालों में
रोज आती हो तुम ख्यालों में
ज़िन्दगी में भी मेरी आ जाओ
बीत जाए ना यह सवालो में
इस जवानी पे कुछ तरस खाओ
हलए दिल समाजो सनम
हलए दिल समाजो सनम
कहेंगे मुंह से ना हम
हमारी भी कोई मर्यादा है
अदाए दिल की जनता ही नहीं
मेरा हमदम भी कितना सादा है
यूँ ही तुम मुझसे बात करती हो

भोलेपन में हैं
वफ़ा की खुशबू
भोलेपन में हैं
वफ़ा की खुशबू तुझपे
सब कुछ ना क्यों लुटाओ मैं
मेरा बेताब दिल यह कहता है
तेरे साये से लिपट जाओ मई
मुझसे मेल तेरा
मुझसे मेल तेरा ना हो एक खेल तेरा
यह करम मुझपे कुछ ज्यादा है
यूँ ही तुम मुझसे बात करती हो
अदाए दिल की जनता ही नहीं
मेरा हमदम भी कितना सादा है

बन गयी हो मेरी सदा के लिए
बन गयी हो मेरी सदा के लिए
या मुझे यूँ ही तुम बनाती हो
कही बाहों में ना भर लो तुम को
क्यों मेरे हौसले बढ़ाती हो
हौसले और करो
हौसले और करो पास आते ना डरो
दिल ना तोड़ेंगे अपना वादा है
यूँ ही तुम मुझसे बात करती हो
अदाए दिल की जनता ही नहीं
मेरा हमदम भी कितना सादा है
यूँ ही तुम मुझसे बात करती हो. कह दू तुम्हे हां
या चुप रहना दिल में
मेरे आज क्या है
क्या है
कह दूं तुम्हे या चुप
राहु दिल में मेरे आज क्या है
जो बोलो तोह जणू गुरु तुमको
मनु चलो यह भी वादा है
अच्छा..
कह दूं तुम्हे या चुप
राहु दिल में मेरे आज क्या है
जो बोलो तोह जणू गुरु तुमको
मनु चलो यह भी वादा है

सोचा है तुमने
के चलते ही जाये
तारो से आगे कोई
दुनिया बसाए ठीक है…
आहे.. तो तुम बताओ
बताऊँ… हां..
सोचा हैं के
तुम्हे रास्ता भुलाये
सुनि जगह पेह कही
छेड़े डराए
अरे ना ना हाय रे
ना ना यह ना करना
अरे नहीं रे नहीं रेय नहीं
रेय नहीं रेय नहीं रे
नहीं रेय नहीं रे
नहीं नहीं
कह दूं तुम्हे या
चुप रहो दिल में
मेरे आज क्या है
जो बोलो तोह जणू गुरु
तुमको मनु चलो
यह भी वादा है

सोचा है तुमने के
कुछ गुनगुनाये
मस्ती में झूमे जरा
धूम मचाये
अब ठीक है…
ुहुँ.. तो तुम बताओ
बताऊँ…
हां..
सोचा हैं यह के
तुम्हे नजदीक लाएं
फूलो से होठों की लाली चुराये
अरे ना ना हाय रे ना
ना यह ना करना
अरे नहीं रे नहीं रे
नहीं रेय नहीं रेय नहीं रे
नहीं रेय नहीं रे
नहीं नहीं
कह दूं तुम्हे या चुप
राहु दिल में मेरे आज क्या है
जो बोलो तोह जणू गुरु तुमको
मनु चलो यह भी वादा है
कह दूं तुम्हे या चुप
राहु दिल में मेरे आज क्या है
जो बोलो तोह जणू गुरु तुमको
मनु चलो यह भी वादा है. कभी कभी मेरे दिल
में ख़याल आता है
कभी कभी मेरे दिल
में ख़याल आता है
की जैसे तुझको बनाया
गया है मेरे लिए
की जैसे तुझको बनाया
गया है मेरे लिए
तू जबसे पहले सितारों
में बस रही थी कहीं
तू जबसे पहले सितारों
में बस रही थी कहीं
तुझे ज़मीन पे
बुलाया गया है मेरे लिए
तुझे ज़मीन पे
बुलाया गया है मेरे लिए

कभी कभी मेरे दिल
में ख़याल आता है
की ये बदन ये निगाहें
मेरी अमानत हैं
की ये बदन ये निगाहें
मेरी अमानत हैं
ये गेसुओं की घनी
छाओं हैं मेरी खातिर
ये होंठ और ये बाहें
मेरी अमानत हैं
ये होंठ और ये बाहें
मेरी अमानत हैं

कभी कभी मेरे दिल
में ख़याल आता है
की जैसे बजती हैं
शहनाइयाँ सी राहों में
की जैसे बजती हैं
शहनाइयाँ सी राहों में
सुहाग रात हैं घूँघट
उठा रहा हूँ मैं
सुहाग रात हैं घूँघट
उठा रहा हूँ मैं
सिमट रही है तू शर्मा
के अपनी बाहों में
सिमट रही है तू शर्मा
के अपनी बाहों में

कभी कभी मेरे दिल
में ख़याल आता है
की जैसे तू मुझे
चाहेगी उम्र भर युहीं
उठेगी मेरी तरफ
प्यार की नज़र युहीं
मैं जानता हूँ की
तू गैर है मगर युहीं
मैं जानता हूँ की तू
गैर है मगर युहीं

कभी कभी मेरे दिल
में ख़याल आता है
कभी कभी मेरे दिल
में ख़याल आता है. कहीं दूर जब दिन ढल जाये
साँझ की दुल्हन बदन चुराए
चुपके से आये मेरे
ख्यालों के आँगन में
कोई सपनों के दीप
जलाए दीप जलाये
कहीं दूर जब दिन ढल जाये
साँझ की दुल्हन बदन
चुराये चुपके से आये

कभी यूँ ही जब
हुई बोझल साँसें
भर आई बैठे बैठे
जब यूँ ही आँखें
कभी मचल के
प्यार से चल के
छुए कोई मुझे
पर नज़र न आये
कहीं दूर जब दिन ढल जाये
साँझ की दुल्हन बदन
चुराये चुपके से आये

कहीं तो यह दिल
कभी मिल नहीं पाते
कहीं पे निकल
आये जन्मों के नाते
थमी थी उलझन
बैरी अपना मन
अपना ही होके
सहे दर्द पराए
कहीं दूर जब
दिन ढल जाये
साँझ की दुल्हन
बदन चुराए
चुपके से आये.
 हूँ उह उह उह उह ओह
मेहबूबा ऐ मेहबूबा
उह मेहबुबा ऐ मेहबूबा
मेहबूबा ऐ मेहबूबा
हूँ हूँ हूँ
गुलशन में गुल खिलते हैं
जब सेहरा में मिलते हैं
गुलशन में गुल खिलते हैं
जब सेहरा में मिलते हैं
मै और तू
मेहबूबा ऐ मेहबूबा
मेहबूबा ऐ मेहबूबा
हूँ हूँ हूँ
गुलशन में गुल खिलते हैं
जब सेहरा में मिलते हैं
गुलशन में गुल खिलते हैं
जब सेहरा में मिलते हैं
मै और तू

फूल बहारों से निकला
चाँद सितारों से निकला
फूल बहारों से निकला
चाँद सितारों से निकला
दिन डूबा उह
मेहबूबा ऐ मेहबूबा
मेहबूबा ऐ मेहबूबा
हूँ हूँ हूँ
गुलशन में गुल खिलते हैं
जब सेहरा में मिलते हैं
गुलशन में गुल खिलते हैं
जब सेहरा में मिलते हैं
मै और तू

हुस्नु इश्क़ की राहों
में बाहों में निगाहों में
हुस्नु इश्क़ की राहों
में बाहों में निगाहों में
दिल डूबा उह
मेहबूबा ऐ मेहबूबा
मेहबूबा ऐ मेहबूबा
हूँ हूँ हूँ
गुलशन में गुल खिलते हैं
जब सेहरा में मिलते हैं
गुलशन में गुल खिलते हैं
जब सेहरा में मिलते हैं
मै और तू
मेहबूबा ऐ मेहबूबा
मेहबूबा ऐ मेहबूबा
मेहबूबा ऐ मेहबूबा
मेहबूबा ऐ मेहबूबा
उह उह उह उह.
 जिंदगी कैसी है पहेली हाय
कभी तोह हसए कभी यह रुलाये
जिंदगी कैसी है पहेली हाय
कभी तोह हसए कभी यह रुलाये

कभी देखो मैं नहीं जगे
पीछे पीछे सपनो के भागे
कभी देखो मैं नहीं जगे
पीछे पीछे सपनो के भागे
एक दिन सपनो का रही चला
जाये सपनो के आगे कहा
जिंदगी कैसी है पहेली हाय
कभी तोह हसए कभी यह रुलाये

जिन्होंने सजाये यहाँ मेले
सुख दुःख संग संग झेले
जिन्होंने सजाये यहाँ मेले
सुख दुःख संग संग झेले
वही चुनकर ख़ामोशी
यु चली जाये अकेले कहा
जिंदगी कैसी है पहेली हाय
कभी तोह हसए कभी यह रुलाये. मैं पल दो पल का शायर हूँ
पल दो पल मेरी कहानी है
पल दो पल मेरी हस्ती है
पल दो पल मेरी जवानी है
मैं पल दो पल का शायर हूँ
पल दो पल मेरी कहानी है
पल दो पल मेरी हस्ती है
पल दो पल मेरी जवानी है
मैं पल दो पल का शायर हूँ

मुझसे पहले कितने शायर
आए और आकर चले गए
कुछ आहें भर कर लौट गए
कुछ नगमे गाकर चले गए
वो भी एक पल का किस्सा था
मै भी एक पल का किस्सा हूँ
कल तुमसे जुदा हो जाऊंगा
वो आज तुम्हारा हिस्सा हूँ
मैं पल दो पल का शायर हूँ
पल दो पल मेरी कहानी है
पल दो पल मेरी हस्ती है
पल दो पल मेरी जवानी है
मैं पल दो पल का शायर हूँ

कल और आएगे नगमो की
खिलती कलियाँ चुनने वाले
मुझसे बेहतर कहने वाले
तुमसे बेहतर सुनने वाले
कल कोई मुझको याद करे
क्यों कोई मुझको याद करे
मसरुफ़ ज़माना मेरे लिए
क्यों वक़्त अपना बरबाद करे
मैं पल दो पल का शायर हूँ
पल दो पल मेरी कहानी है
पल दो पल मेरी हस्ती है
पल दो पल मेरी जवानी है
मैं पल दो पल का शायर हूँ
पल दो पल मेरी कहानी है
पल दो पल मेरी हस्ती है
पल दो पल मेरी जवानी है
मैं पल दो पल का शायर हूँ.

 कभी कभी मेरे दिल
में ख़याल आता है
कभी कभी मेरे दिल
में ख़याल आता है
की जैसे तुझको बनाया
गया है मेरे लिए
की जैसे तुझको बनाया
गया है मेरे लिए
तू जबसे पहले सितारों
में बस रही थी कहीं
तू जबसे पहले सितारों
में बस रही थी कहीं
तुझे ज़मीन पे
बुलाया गया है मेरे लिए
तुझे ज़मीन पे
बुलाया गया है मेरे लिए

कभी कभी मेरे दिल
में ख़याल आता है
की ये बदन ये निगाहें
मेरी अमानत हैं
की ये बदन ये निगाहें
मेरी अमानत हैं
ये गेसुओं की घनी
छाओं हैं मेरी खातिर
ये होंठ और ये बाहें
मेरी अमानत हैं
ये होंठ और ये बाहें
मेरी अमानत हैं

कभी कभी मेरे दिल
में ख़याल आता है
की जैसे बजती हैं
शहनाइयाँ सी राहों में
की जैसे बजती हैं
शहनाइयाँ सी राहों में
सुहाग रात हैं घूँघट
उठा रहा हूँ मैं
सुहाग रात हैं घूँघट
उठा रहा हूँ मैं
सिमट रही है तू शर्मा
के अपनी बाहों में
सिमट रही है तू शर्मा
के अपनी बाहों में

कभी कभी मेरे दिल
में ख़याल आता है
की जैसे तू मुझे
चाहेगी उम्र भर युहीं
उठेगी मेरी तरफ
प्यार की नज़र युहीं
मैं जानता हूँ की
तू गैर है मगर युहीं
मैं जानता हूँ की तू
गैर है मगर युहीं

कभी कभी मेरे दिल
में ख़याल आता है
कभी कभी मेरे दिल
में ख़याल आता है."
1980,"जानू मेरी जान
मैं तेरे क़ुर्बान
जानू मेरी जान
मैं तेरे क़ुर्बान
अरे मैं तेरा तू मेरी
जाने सारा हिन्दुस्तान
मैं तेरा तू मेरी
जाने सारा हिन्दुस्तान
जानू मेरी जान
मैं तेरे क़ुर्बान
जानू मेरी जान
मैं तेरे क़ुर्बान
अरे मैं तेरा तू मेरी
जाने सारा हिन्दुस्तान
मैं तेरा तू मेरी
जाने सारा हिन्दुस्तान

गुस्से से है प्यार
बड़ा प्यार से आइतबार
जब ा जाए आ जाना
मैं करूंगा इंतज़ार
गुस्से से है प्यार
बड़ा प्यार से आइतबार
जब ा जाए आ जाना
मैं करूंगा इंतज़ार
अरे जाणु मेरी जान
मैं तेरे क़ुर्बान
जानू मेरी जान
मैं तेरे क़ुर्बान
अरे मैं तेरा तू मेरी
जाने सारा हिन्दुस्तान
मैं तेरा तू मेरी
जाने सारा हिन्दुस्तान

नज़रों से ना तोल
मुझे दिल से काम ले
तू जिसका वो तेरे बिन
क्यों किसी का नाम ले
नज़रों से ना तोल
मुझे दिल से काम ले
तू जिसका वो तेरे बिन
क्यों किसी का नाम ले
जानू मेरी जान
मैं तेरे क़ुर्बान
ो जानु मेरी जान
मैं तेरे क़ुर्बान
अरे मैं तेरा तू मेरी
जाने सारा हिन्दुस्तान
मैं तेरा तू मेरी
जाने सारा हिन्दुस्तान

छोटी सी इक बात बने
बात से दास्ताँ
बुल के सब बातो हँसते
हैं वोही प्यार की शान
छोटी सी इक बात बने
बात से दास्ताँ
भूल के सब बातो हँसते
हैं वोही प्यार की शान
जानू मेरी जान

जानू मेरी जान
मैं तेरे क़ुर्बान
मैं तेरी तू मेरा
जाने सारा हिन्दुस्तान
जानू मेरी जान
मैं तेरे क़ुर्बान
मैं तेरी तू मेरा
जाने सारा हिन्दुस्तान. ऐ मेरे हमसफ़र एक ज़रा इंतज़ार
सुन सदाएं दे रही हैं मंज़िल यार की
ऐ मेरे हमसफ़र एक ज़रा इंतज़ार
सुन सदाएं दे रही हैं मंज़िल यार की

अब है जुदाई का मौसम
दो पल का मेहमान
कैसे ना जाएगा ऍंधेरा
क्यूं ना थमेगा तूफ़ान
अब है जुदाई का मौसम
दो पल का मेहमान
कैसे ना जाएगा अँधेरा
क्यूं ना थमेगा तूफ़ान
कैसे ना मिलेगी मंज़िल प्यार की
ऐ मेरे हमसफ़र एक ज़रा इंतज़ार
सुन सदाएँ दे
रही हैं मंज़िल प्यार की

प्यार ने जहाँ पे रखा है
झूमके कदम एक बार
वहीँ से खुला है कोई रास्ता
वहीँ से गिरी है दीवार
प्यार ने जहाँ पे रखा है
झूम के कदम एक बार
वहीँ से खुला है कोई रास्ता
वहीँ से गिरी है दीवार
रोके कब रुकी है मंज़िल प्यार की
ऐ मेरे हमसफ़र एक ज़रा इंतज़ार
सुन सदाएं दे रही है मंज़िल प्यार की
ऐ मेरे हमसफ़र एक ज़रा इंतज़ार
सुन सदाएँ दे
रही है मंज़िल प्यार की.
 देखा एक ख्वाब तो यह सिलसिले हुए
दूर तक निगाहों में हैं गुल खिले हुए
देखा एक ख्वाब तो यह सिलसिले हुए
दूर तक निगाहों में हैं गुल खिले हुए

यह गिला है आपकी निगाहों से
फूल भी हो दरमियान तो फ़ासले हुए
देखा एक ख्वाब तो यह सिलसिले हुए
दूर तक निगाहों में हैं गुल खिले हुए

मेरी साँसों में बसी खुश्बू तेरी
यह तेरे प्यार की है जादूगरी
तेरी आवाज़ है हवाओं में
प्यार का रंग है फिज़ाओं
धड़कनों में तेरे गीत हैं मिले हुए
क्या कहूँ के शर्म से हैं लब सिले हुए
देखा एक ख्वाब तो यह सिलसिले हुए
फूल भी हो दरमियान तो फ़ासले हुए

मेरा दिल है तेरी पनाहों
ा छुपा लूँ तुझे मैं बाहों में
तेरी तस्वीर है निगाहों में
दूर तक रोशनी है राहों में
कल अगर न रौशनी के काफिले हुए
प्यार के हज़ार दीप हैं जले हुए
देखा एक ख्वाब तो यह सिलसिले हुए
दूर तक निगाहों में हैं गुल खिले हुए
यह गिला है आपकी निगाहों से
फूल भी हो दरमियान तो फ़ासले हुए
देखा एक ख्वाब तो यह सिलसिले हुए
दूर तक निगाहों में हैं गुल खिले हुए.

 मैं दुनिया भूला दूंगा
तेरी चाहत में
मैं दुनिया भूला दूंगा
तेरी चाहत में
ो दुश्मन ज़माने
मुझे न भुलाना
मैं खुद को मिटा दूंगा
तेरी चाहत में

मैं दुनिया भूला दूँगी
तेरी चाहत में
मैं दुनिया भूला दूँगी
तेरी चाहत में
तेरा साथ छूटा
ये वादा जो टूटा
मैं खुद को मिटा दूँगी
तेरी चाहत में
मैं दुनिया भूला दूंगा
तेरी चाहत में

मेरी सांसे
मेरे दिल में
मेरी महफ़िल
मेरी आँखे
बिन तेरे कुछ भी नहीं मैं
बिन तेरे कुछ भी नहीं मैं
मैं हर ग़म ुतंलुगी
तेरी चाहत में
तेरा साथ छूटा
ये वादा जो टूटा
मैं खुद को मिटा दूँगी
तेरी चाहत में

मैं दुनिया भूला दूंगा
तेरी चाहत में
सीने से
मैं हूँ तेरा
मुझे तुझसे
रोकेगा
छोड़ूँगा न साथ तेरा
छोड़ूँगा न साथ तेरा
मैं सबा कुछ लुटा दूँगा
तेरी चाहत में
ो दुश्मन ज़माने
मुझे न भुलाना
मैं खुद को मिटा दूँगी
तेरी चाहत में

मैं दुनिया भूला दूँगी
तेरी चाहत में
तेरा साथ छूटा
ये वादा जो टूटा
मैं खुद को मिटा दूँगी
तेरी चाहत में

मैं दुनिया भूला दूंगा
तेरी चाहत में
तेरी चाहत में
हाँ..तेरी चाहत में.
 नीले नीले अम्बर पर
चाँद जब आये
प्यार बरसाएं हुमको तरसाए

ऐसा कोई साथी हो
ऐसा कोई प्रेमी हो
प्यास दिल की भुजा जाये

नीले नीले अम्बर पर
चाँद जब आये
प्यार बरसाएं हुमको तरसाए

हो ऊँचे ऊँचे पर्वत
जब चूमते हैं अम्बर को
प्यासा प्यासा अम्बर
जब चूमता है सागर को

हो ऊँचे ऊँचे पर्वत
जब चूमते हैं अम्बर को
प्यासा प्यासा अम्बर
जब चूमता है सागर को

प्यार से कस्ने को
बाँहों में बसने को
दिल मेरा ललचाये
कोई तोह आ जाये

ऐसा कोई साथी हो
ऐसा कोई प्रेमी हो
प्यास दिल की भुजा जाये

नीले नीले अम्बर पर
चाँद जब आये
प्यार बरसाएं हुमको तरसाए

हे चम् चम् करता सवां
बूंदों के बाण चलाये
सतरंगी बरसातों में जब
तन मैं भीग जाये

हे चम् चम् करता सवां
बूंदों के बाण चलाये
सतरंगी बरसातों में जब
तन मैं भीग जाये

प्यार में नहाने को
डूब ही जाने को
दिल मेरा तड़पाये
खाब जग जाये

ऐसा कोई साथी हो
ऐसा कोई प्रेमी हो
प्यास दिल की भुजा जाये

नीले नीले अम्बर पर
चाँद जब आये
प्यार बरसाएं हुमको तरसाए
 तुम को देखा तो ये ख्याल आया
ज़िंदगी धूप तुम घना साया
तुम को देखा तो ये ख्याल आया
तुम को देखा तो ये ख्याल आया
ज़िंदगी धूप तुम घना साया
तुम को देखा तो ये ख्याल आया

आज फिर दिलाने एक तमन्ना की
आज फिर दिलाने एक तमन्ना की
आज फिर दिलको हमने समझाया
आज फिर दिलको हमने समझाया
ज़िंदगी धूप तुम घना साया
तुम को देखा तो ये ख्याल आया

तुम चले जाओगे तो सोचेंगे
तुम चले जाओगे तो सोचेंगे
हमने क्या खोया हमने क्या पाया
हमने क्या खोया हमने क्या पाया
ज़िंदगी धूप तुम घना साया
तुम को देखा तो ये ख्याल आया

हम जिसे गुनगुना नहीं सकते
हम जिसे गुनगुना नहीं सकते
वक़्त ने ऐसा गीत क्यों गाया
वक़्त ने ऐसा गीत क्यों गाया
ज़िंदगी धूप तुम घना साया
तुम को देखा तो ये ख्याल आया
तुम को देखा तो ये ख्याल आया.
 तुझसे नाराज़ नहीं ज़िन्दगी
हैरान हूँ मैं
ो हैरान हूँ मैं
तेरे मासूम सवालों से
परेशान हूँ मैं
ो परेशान हूँ मैं
तुझसे नाराज़ नहीं ज़िन्दगी
हैरान हूँ मैं
ो हैरान हूँ मैं
तेरे मासूम सवालों से
परेशान हूँ मैं
ो परेशान हूँ मैं

जीने के लिए सोचा ही नहीं
दर्द संभालने होंगे
जीने के लिए सोचा ही नहीं
दर्द संभालने होंगे
मुस्कुराए तो मुस्कुराने के
क़र्ज़ उतारने होंगे
हो मुस्कुराऊँ कभी तो लगता है
जैसे होठों पे कर्ज़ रखा है
तुझसे नाराज़ नहीं ज़िन्दगी
हैरान हूँ मैं
ो हैरान हूँ मैं

ज़िन्दगी तेरे गम ने हमें
रिश्ते नए समझाए
ज़िन्दगी तेरे गम ने हमें
रिश्ते नए समझाए
मिले जो हमें धूप में मिले
छाँव के ठंडे साये
हो तुझसे नाराज़ नहीं ज़िन्दगी
हैरान हूँ मैं
ो हैरान हूँ मैं

आज अगर भर आई हैं
बूँदें बरस जायेंगी
आज अगर भर आई हैं
बूँदें बरस जायेंगी
कल क्या पता इनके लिए
आँखें तरस जायेंगी
हो जाने कब गुम हुए कहा खोया
एक ऑंसुओं छुपाके रखा था
हो तुझसे नाराज़ नहीं ज़िन्दगी
हैरान हूँ मैं
ो हैरान हूँ मैं
तेरे मासूम सवालों से
परेशान हूँ मैं
ो परेशान हूँ मैं
ो परेशान हूँ मैं
ो परेशान हूँ मैं. जानम जानेजां
जानम जानेजहाँ
जानेजिगर जानेमन
मुझको है तेरी क़सम
तू जो मुझे न मिला
मर जाऊँगी मैं सनम
जानेजिगर जानेमन
मुझको है तेरी क़सम
तू जो मुझे न मिली
मर जाऊँगी मैं सनम

ओ रोकेगा हम को
अब क्या ज़माना
मर के हमें है
वादा निभाना
जानेजिगर जानेमन
मुझको है तेरी क़सम
तू जो मुझे न मिला
मर जाऊँगी मैं सनम

मैं फूलों से कलिओं से
तारों से तेरी माँग भर दूंगा
मैं फूलों से कलिओं से
तारों से तेरी माँग भर दूंगा
मैं साँसों की महाकि
बहरो को तेरे नाम कर दूंगा
मैं प्यार तुझसे कराती हूँ
दिन रात आहें भरती हूँ
आहें भरती हूँ आहें भरती हूँ

जानेजिगर जानेमन
मुझको है तेरी क़सम
तू जो मुझे न मिला
मर जाऊँगी मैं सनम
जानेजिगर जानेमन
मुझको है तेरी क़सम
तू जो मुझे न मिली
मर जाऊँगी मैं सनम

बिन तेरे गुज़रते हैं कैसे
मेरे दिन रात न पूछो
बिन तेरे गुज़रते हैं कैसे
मेरे दिन रात न पूछो
जो दिल में छुपे हैं मेरे
हमनशीं वो बात न पूछो
दो दिल जब धड़कते हैं
ऐसे ही तड़पते हैं
तड़पते हैं तड़पते हैं

जानेजिगर जानेमन
मुझको है तेरी क़सम
तू जो मुझे न मिला
मर जाऊँगी मैं सनम

ओ रोकेगा हम को
अब क्या ज़माना
मर के हमें है
वादा निभाना
जानेजिगर जानेमन
मुझको है तेरी क़सम
तू जो मुझे न मिला
मर जाऊँगी मैं सनम

जानं जानेजां जानं जानेजहाँ
जानं जानेजां जानं जानेजहाँ. मुझे तुमसे हैं कितने जिले
हां हां हां हां
तुम कितने दिन बाद मिले
क्यों क्यों क्यों
मुझे तुमसे हैं कितने गिल्हा
तुम कितने दिन बाद मिले
बोलो इतने दिन क्या किया क्या किया
तेरा नाम लिया हो तुझे याद किया हो
तेरा नाम लिया तुझे याद किया
तुझे याद किया तेरा नाम लिया
मुझे तुमसे हैं कितने गिल्हा
तुम कितने दिन बाद मिले
बोलो इतने दिन क्या किया क्या किया
तेरा नाम लिया तुझे याद किया
तुझे याद किया तेरा नाम लिया

अपनी मम्मी से मेरी बात की
नहीं नहीं नहीं
मेरे डैडी से मुलाक़ात की
नहीं नहीं नहीं
हाँ हेरा फेरी मेरे साथ की नो
फिर और भला क्या किया
तेरा नाम लिया हो तुझे याद किया हो
तेरा नाम लिया तुझे याद किया
तेरा नाम लिया तुझे याद किया

पिक्चर के टिकट मंगवाए
नहीं नहीं नहीं
कोई अच्छी खबर तुम लाये
नहीं नहीं नहीं
किस काम मेरे तुम आये
क्या प्यार में तुमने किया
तेरा नाम लिया हो तुझे याद किया हो
तेरा नाम लिया तुझे याद किया
तुझे याद किया तेरा नाम लिया

तूने मेरी कदर कुछ जानि हाँ
कभी दी कोई प्रेम निशानी हूँ
कोई बात कभी मेरी मानि
कैसा प्यार ये तुमने किया क्यों किया
तेरा नाम लिया हो तुझे याद किया हो
तेरा नाम लिया तुझे याद किया
तुझे याद किया तेरा नाम लिया

कब बनूंगी मैं शहज़ादी अभी
कब मिलेगी हमें आज़ादी अभी
खभी होगी हमारी साडी
अभी यहीं चलो हाय राम
अब दिल क्यों ठाम
अब दिल क्यों थाम लिया राम राम
तेरा नाम लिया हो तुझे याद किया हो
तेरा नाम लिया हो तुझे याद किया हो
तुझे याद किया तेरा नाम लिया
तेरा नाम लिया हो तुझे याद किया हो
तेरा नाम लिया हो तुझे याद किया हो
तुझे याद किया तेरा नाम लिया. धीरे धीरे से मेरी ज़िन्दगी में आना
धीरे धीरे से दिल को चुराना
तुमसे प्यार हमें है कितना जानेजाना
तुमसे मिलकर तुमको है बताना

धीरे धीरे से मेरी ज़िन्दगी में आना
धीरे धीरे से दिल को चुराना
तुमसे प्यार हमें है कितना जानेजाना
तुमसे मिलकर तुमको है बताना

जब से तुझे देखा दिल को कभी आराम नहीं
मेरे होठों पे एक तेरे सिवा कोई नाम नहीं
अपना भी हाल तुम्हारे जैसा है साजन
बस याद तुझे करते है और कोई काम नहीं
बन गया हूँ मैं तेरा दीवाना
धीरे धीरे से दिल को चुराना

धीरे धीरे से मेरी ज़िन्दगी में आना
धीरे धीरे से दिल को चुराना

तूने भी अक्सर मुझको जगाया रातों में
और नींद चुराई मीठी मीठी बातों में
तूने भी बेशक मुझको कितना तड़पाया
फिर भी तेरी हर एक अदा पर प्यार आया
आजा आजा अब कैसा शर्माना
धीरे धीरे से दिल को चुराना

धीरे धीरे से मेरी ज़िन्दगी में आना
धीरे धीरे से दिल को चुराना
तुमसे प्यार हमें है कितना जानेजाना
तुमसे मिलकर तुमको है बताना
धीरे धीरे से मेरी ज़िन्दगी में आना
धीरे धीरे से दिल को चुराना."
1990,"चाहे तुम कुछ न कहो
मैंने सुन लिया…के साथी प्यार का…
मुझे चुन लिया….
चुन लियाए..मैंने सुन लिया

पहला नशा…पहला हम्मर
नया प्यार है…नया इंतज़ार
करलू में क्या अपना हाल…
मेरे दिल बेकरार…तू ही बता..
पहला नशा..पहला हम्मर

उड़ता ही फिरुम इन हवाओं में कही
या में झूल जावु इन घटावों में कही….
उड़ता ही फिरुम इन हवाओं में कही
या में झूल जावु इन घटावों में कही….
एक कर दू आसमान और ज़मीन…
कहो यारों क्या करूँ क्या नहीं..

पहला नशा…पहला हम्मर
नया प्यार है…नया इंतज़ार
करलू में क्या अपना हाल…
मेरे दिल बेकरार…तू ही बता..
पहला नशा..पहला हम्मर

उसने बात की कुछ ऐसे दांग से
सपने दे गया हज़ारों रंग के
उसने बात की कुछ ऐसे दांग से
सपने दे गया हज़ारों रंग के
रह जाओ जैसे में हार के..
और चूमे वो मुझे प्यार से

पहला नशा…पहला हम्मर
नया प्यार है…नया इंतज़ार
करलू में क्या अपना हाल…
मेरे दिल बेकरार…तू ही बता. यह हसीन वादिया
यह खुला आसमान
आ गए हम कहा
आय मेरे सजना
इन् बहारो में
दिल की कली खिल गयी
मुझको तुम जो मिले
हर ख़ुशी मिल गयी
तेरे होंठो पे हैं
हुस्न की बिजलिया
तेरे गालों पे हैं
ज़ुल्फ़ की बदलिया
तेरे बालो की खुशबू
से महके चमन
संगमरमर के जैसा
यह तेरा बदन
मेरी जानेजां मैं
तेरी चाँदनी
छेड़ दो तुम आज
कोई प्यार की रागिनी
यह हसीन वादिया
यह खुला आसमान
आ गए हम कहाँ
आय मेरे सजना

यह बंधन है प्यार का
देखो टुटे न सजनि
यह जन्मों का साथ है
देखो छूटे न सजाना
तेरे आँचल की छाँव के
ठाले मेरी मंजिल मुझे मिल गयी
तेरी पलको की छाँव के
ठाले मोहब्बत मुझे मिल गयी
यह हसीन वादिया यह खुला आसमान
आ गए हम कहाँ आय मेरे सजना
इन् बहारो में दिल की कली खिल गयी
मुझको तुम जो मिले हर ख़ुशी मिल गयी
यह हसीन वादिया यह खुला आसमान
आ गए हम कहाँ आय मेरे सजना

जी करता है सजाना दिल
में तुमको बिठा लून
ा मस्ती की रात में
अपना तुमको बना लून
उठने लगे हैं तूफ़ान क्या
मेरे सीने में आय सनम
तुम्हे चाहूँगा दिलो जान से
मेरी जानेजां तेरी कसम
यह हसीन वादिया यह खुला आसमान
आ गए हम कहाँ आय मेरे सजना
इन बहारो में दिल की कली खिल गयी
मुझको तुम जो मिले हर ख़ुशी मिल गयी
मेरी जानेजां मै तेरी चाँदनी
छेड़ दो तुम आज कोई प्यार की रागिनी
यह हसीन वादिया यह खुला आसमान
आ गए हम कहाँ आय मेरे सजना
यह हसीन वादिया यह खुला आसमान
आ गए हम कहाँ आय मेरे सजना.
 बेजान दिल को..बेजान दिल को
बेजान दिल को तेरे इश्क़ ने ज़िंदा किया
फिर तेरे इश्क़ ने ही इस दिल को तबाह किया

तड़प तडपके इस दिल से
आह निकलती रही
मुझको सजा दी प्यार की
ऐसा क्या गुनाह किया
तो लूट गए हाँ लूट गए
तो लुट गए हम तेरी मोहब्बत में

तड़प तडपके इस दिल से
आह निकलती रही
मुझको सजा दी प्यार की
ऐसा क्या गुनाह किया
तो लूट गए हाँ लूट गए
तो लुट गए हम तेरी मोहब्बत में

तड़प तडपके इस दिल से
आह निकलती रही
मुझको सजा दी प्यार की
ऐसा क्या गुनाह किया
तो लूट गए हाँ लूट गए
तो लुट गए हम तेरी मोहब्बत में

अजब है इश्क़ यारा
पल दो पल की खुशियाँ
गम के खजाने मिलते हैं फिर
मिलती है तन्हाईयाँ
कभी आंसू कभी आहें
कभी शिक़वे कभी नालें
तेरा चेहरा नज़र आये
तेरा चेहरा नज़र आये
मुझे दिन के उजालों में
तेरी यादें तड़पायें
तेरी यादें तड़पायें
रातों के अंधेरों में
तेरा चेहरा नज़र आये
मचल मछलके इस दिल से
आह निकलती रही
मुझको सजा दी प्यार की
ऐसा क्या गुनाह किया
तो लूट गए हाँ लूट गए
तो लुट गए हम तेरी मोहब्बत में

अगर मिले खुदा तो
पूछूँगा खुदाया
जिस्म मुझे देके मिटटी का
शीशे सा दिल क्यों बनाया
और उस पे दिया फ़ितरत
के वह करता है मोहब्बत
वाह रे वाह तेरी कुदरत
वाह रे वाह तेरी कुदरत
उस पे दे दिया किस्मत
कभी है मिलान कभी फुरक़त
कभी है मिलान कभी फुरक़त है
एहि क्या वो मोहब्बत
वाह रे वाह तेरी कुदरत
सिसक सिसकके इस दिल से
आह निकलती रही
मुझको सजा दी प्यार की
ऐसा क्या गुनाह किया
तो लूट गए हाँ लूट गए
तो लुट गए हम तेरी मोहब्बत में

तड़प तडपके इस दिल से
आह निकलती रही
मुझको सजा दी प्यार की
ऐसा क्या गुनाह किया
तो लूट गए हाँ लूट गए
तो लुट गए हम तेरी मोहब्बत में. लड़की बड़ी अंजानी है
सपना है सच है कहानी है
देखो यह पगलि बिलकुल न बदली
यह तोह वोही दीवानी है
लड़का बड़ा अन्जाना है
सपना है सच है फ़साना है
हाय हाय यह पगला बिलकुल न बदला
यह तोह वोही दीवाना है

पास रहके भी थी दूरी
जाने कैसे थी मज़बूरी
वक्त वह भी अजीब था
जब तू मेरे करीब था
खो गयी तू यह किस जहाँ में
मैं वह हूँ देख तोह जरा

लड़का बड़ा अन्जाना है
सपना है सच है फ़साना है
देखो यह पगलि बिलकुल न बदली
यह तोह वही दीवानी है

हम भीड़ में भी थी तन्हाई
यद् हर पल तेरी आई
रोके कोई मुझे जरा
भर न आये यह दिल मेरा
बहके बहके मेरे कदम हैं
ऐसे में तू संभल तोह जरा
लड़की बड़ी अंजानी है
सपना है सच है कहानी है
हाँ हाँ यह पगला बिलकुल न बदला
यह तोह वही दीवाना है

तुमने न जाने क्या सपने दिखाए
जगे न सोता है
कुछ कुछ होता है
कुछ कुछ होता है
कुछ कुछ होता है
कुछ कुछ होता है. कोई मिल गया…
कोई मिल गया…
कोई मिल गया…

मुझको क्या हुआ है
क्यूँ मैं खो गया हूँ
पागल था मैं पहले
या अब हो गया हूँ
बहकी हैं निगाहें
और बिखरे हैं बाल
तुमने बनाया है क्या
अपना यह हाल
कोई मिल गया..कोई मिल गया
मेरा दिल गया..मेरा दिल गया
क्या बताऊँ यारों.
क्या बताऊँ यारों
मैं तो हिल गया
मैं तो हिल गया
कोई मिल गया
आए

मुझको क्या हुआ है
अरे क्यूँ मैं खो गया हूँ
आए
या अब हो गया हूँ
बहकी हैं निगाहें
और बिखरे हैं बाल
तुमने बनाया है
क्या अपना ये हाल
कोई मिल गया..कोई मिल गया..
मेरा दिल गया..मेरा दिल गया
क्या बताऊँ यारों
क्या बताऊँ यारों
ो
मैं तो हिल गया
कोई मिल गया
अरे

जाने क्या हो गया है मुझे
दीवाने लोग कहने लगे…
ये दीवानगी है क्या
हमें भी तो हो पता
तुमको क्या हो गया
अरे
दिल में खुशियों का जोश था
फिर ये बैचैनी है क्यूं
फिर ये बेताबी है क्यूं
क्या कोई खो गया
कोई मिल गया कोई मिल गया
ो
क्या बताऊँ यारों
क्या बताऊँ यारों
ो
मैं तो हिल गया
कोई मिल गया
आए

बदल बन कर कौन आ गया
कौन है जो दिल पे यूँ छा गया
चाहूँ के बताऊं मैं
फिर भी कह न पाऊँ मैं
नाम उसका है क्या…

ो
हल्का सा कोई एक इशारा तो दो
मेरी आँखों में है वह
मेरी साँसों में है वह
और कहूँ तुमसे क्या…

कोई मिल गया कोई मिल गया
मेरा दिल गया
ो
क्या बताऊँ यारों
क्या बताऊँ यारों
मैं तो हिल गया
मैं तो हिल गया
कोई मिल गया
मिल ही गया मिल गया
आए

मुझको क्या हुआ है
क्यूँ मैं खो गया हूँ
पागल था मैं पहले
या अब हो गया हूँ
बहकी हैं निगाहें
और बिखरे हैं बाल
बनाया है
ो
कोई मिल गया
अरे
मेरा दिल गया
क्या बताऊँ यारों
क्या बताऊँ यारों
ो
मैं तो हिल गया
कोई मिल गया
मिल गया मिल ही गया मिल गया
मिल ही गया मिल गया
ो दिल ये बेचैन वे
दिल ये बेचैन वे
जिन्दरी बेहाल है
ाजा सांवरिया
ताल से ताल मिला

सावन ने आज तो मुझ को भिगो दिया
हाय मेरी लाज ने
सावन ने आज तो मुझ को भिगो दिया
हाय मेरी लाज ने
ऐसी लगी चढ़ी सोचूँ मई ये कड़ी
कुछ मैं ने खो दिया
क्या मैं ने खो दिया
चुप क्यों है बोल तू
मेरी चाल से चाल मिला
ताल से ताल मिला
ो

माना आजान है तू मेरे वास्ते
माना अजान हूँ मैं तेरे वास्ते
माना आजान है तू मेरे वास्ते
माना अजान हूँ मैं तेरे वास्ते
मै तुझ को जान लूँ
ा दिल के पास आ
जो तेरा हाल है
इस हाल से हाल मिला
ो ताल से ताल मिला
ो

दिल ये बेचैन वे
जिन्दरी बेहाल है
ाजा सांवरिया
ताल से ताल मिला
ताल से ताल मिला
ताल से ताल मिला जिनके सर हो इश्क़ की चाओं
पाँव के नीचे जन्नत होगी
जिनके सर हो इश्क़ की चाओं
चल छैय्या छैया छैया छैया
चल छैय्या छैया छैया छैया
चल छैय्या छैया छैया छैया
चल छैय्या छैया छैया छैया
सारे इश्क़ की चाओं चल चैया चैया
सारे इश्क़ की चाओं चल चैया चैया
पाँव जनत चले चल छैयां छैयां
पाँव जनत चले चल छैयां छैयां
चल छैय्या छैया छैया छैया
चल छैय्या छैया छैया छैया
चल छैय्या छैया छैया छैया
चल छैय्या छैया छैया छैया

वह यार है जो खुस्भु की तरह
जिसकी जुबां उर्दू की तरह
मेरी शमो-रात मेरी कायनात
वह यार मेरा सैय्यन सैय्यन
चल छैय्या छैया छैया छैया
चल छैय्या छैया छैया छैया
चल छैय्या छैया छैया छैया
चल छैय्या छैया छैया छैया

गुलपोश कभी इतराये कहीं
महके तो नज़र आ जाये कहीं
गुलपोश कभी इतराये कहीं
महके तो नज़र आ जाये कहीं
ताबीज बना के पहनू
उसे आयत की तरह मिल जाए कहीं
ताबीज बना के पहनू
उसे आयत की तरह मिल जाए कहीं
गुलपोश कभी इतराये कहीं
महके तो नज़र आ जाये कहीं
मेरा नग्मा वही मेरा कलमा वही
मेरा नग्मा वही मेरा कलमा वही
यार मिसाले ोस चले
पाँव के तले फिरदौस चले
कभी दाल दाल कभी पात पात में
हवा पे ढूँढो उसके निशाँ
सारे इश्क़ की चाओं चल चैया चैया
सारे इश्क़ की चाओं चल चैया चैया
पाँव जनत चले चल छैयां छैयां
पाँव जनत चले चल छैयां छैयां
चल छैय्या छैया छैया छैया
चल छैय्या छैया छैया छैया
चल छैय्या छैया छैया छैया
चल छैय्या छैया छैया छैया

मैं उसके रूप का शाहदायी
वह धुप छाँव सा हरजाई
वह शोख़ है रंग बदलता है
मैं रंग रूप का सौदाई
जिनके सर हो इश्क़ की छाँव
पांव के नीचे जन्नत होगी
जिनके सर हो इश्क़ की छाँव
पांव के नीचे जन्नत होगी
शाम रात मेरी कायनात
वह यार मेरा सैय्यन सैय्यन
चल छैय्या छैया छैया छैया
चल छैय्या छैया छैया छैया
चल छैय्या छैया छैया छैया
चल छैय्या छैया छैया छैया
वह यार है जो खुस्भु की तरह
जिसकी जुबान उर्दू की तरह
मेरी शमो-रात मेरी कायनात
वह यार मेरा सइयां सैयां
चल छैय्या छैया छैया छैया
चल छैय्या छैया छैया छैया
चल छैय्या छैया छैया छैया
चल छैय्या छैया छैया छैया. तुम पास आये यूँ मुस्कुराए
तुम पास आये यूँ मुस्कुराए
तुमने न जाने क्या सपने दिखाए
तुम पास आये यूँ मुस्कुराए
तुमने न जाने क्या सपने दिखाए
अब तो मेरा दिल जगे न सोता है
क्या करूँ है कुछ कुछ होता है
क्या करूँ है कुछ कुछ होता है

तुम पास आये यूँ मुस्कुराए
तुमने न जाने क्या सपने दिखाए
अब तो मेरा दिल जगे न सोता है
क्या करूँ है कुछ कुछ होता है
क्या करूँ है कुछ कुछ होता है

न जाने कैसा एहसास है
बुझती नहीं है क्या प्यास है
क्या नशा इस प्यार का
मुझपे सनम छाने लगा
कोई न जाने क्यों चैन खोता है
क्या करूँ है कुछ कुछ होता है
क्या करूँ है कुछ कुछ होता है…

क्या रंग लायी मेरी दुआ
ये इश्क़ जाने कैसे हुआ
बेचैनियों में चैन
न जाने क्यों आने लगा
तन्हाई में दिल यादें संजोता है
क्या करूँ है कुछ कुछ होता है
क्या करूँ है कुछ कुछ होता है

तुम पास आये यूँ मुस्कुराए
तुमने न जाने क्या सपने दिखाए
तुम पास आये यूँ मुस्कुराए
तुमने न जाने क्या सपने दिखाए
अब तो मेरा दिल जगे न सोता है
क्या करूँ है कुछ कुछ होता है
क्या करूँ है कुछ कुछ होता है…

 ो मेरा दिल था अकेला
तूने खेल ऐसा खेल
तेरी याद में जागूँ रात भर
बाजीगर ओ बाज़ीगर
तू है बढा जादूगर
बाजीगर ओ बाज़ीगर
तू है बढा जादूगर

ो मेरा दिल था अकेला
तूने खेल ऐसा खेल
तेरी याद में जागूँ रात भर
बाज़ीगर में बाजीगर
दिलवालों का में दिलबर
बाज़ीगर में बाजीगर
दिलवालों का में दिलबर
ओ दिल लेके दिल दिया है
सौदा प्यार का किया है
दिल की बाज़ी जीता दिल हार कर
बाजीगर ओ बाज़ीगर
तू है बढा जादूगर

चुपके से आँखों के
रस्ते तू मेरे दिल में समाया
चाहत का जादू जगाके
मुझको दीवाना बनाया
पहली नज़र में बनी है
तू मेरे सपनों की रानी
याद रखेगी ये दुनिया
अपनी वफ़ा की कहानी
ो मेरा चैन चुराके
मेरी नींदें उड़ाके
खो न जाना किसी मोड़ पर
बाज़ीगर में बाजीगर
दिलवालों का में दिलबर
बाजीगर ओ बाज़ीगर
तू है बढा जादूगर
ओ दिल लेके दिल दिया है
सौदा प्यार का किया है
दिल की बाज़ी जीता दिल हार कर
बाजीगर ओ बाज़ीगर
बाज़ीगर में बाजीगर

धक् धक् धड़कता है ये दिल
बोलो न क्या कह रहा है
पास आओ बता दूं
न बाबा डर लग रहा है

मुझको गलत न समझना
में नहीं बादल आवारा
दिल की दीवारों पे मैंने
नाम लिखा है तुम्हारा
ो तेरे प्यार पे कुर्बान
मेरा दिल मेरी जान
तुझे लग जाए मेरी उम्र
बाजीगर ओ बाज़ीगर
तू है बढा जादूगर
बाज़ीगर में बाजीगर
दिलवालों का में दिलबर
ो मेरा दिल था अकेला
तूने खेल ऐसा खेल
तेरी याद में जागूँ रात भर
बाजीगर ओ बाज़ीगर
बाज़ीगर में बाजीगर
बाजीगर ओ बाज़ीगर
बाज़ीगर में बाजीगर.
 ए काश के हम होश में
अब्ब आने ना पाये
ए काश के हम होश में
अब्ब आने ना पाये
बस नग्में तेरे प्यार के
गाते ही जाए
ए काश के हम होश में
अब्ब आने ना पाये
ए  काश के हम होश में
अब्ब आने ना पाये

खिलती महकती यह जुल्फों की शुम
हसते खनकते यह होठो के जैम
खिलती महकती यह जुल्फों की शुम
हसते खनकते यह होठो के जैम
ा झूम के साथ उठाये
बस नग्में तेरे प्यार के
गाते ही जाए
ऐ काश के हम होश में
अब्ब आने ना पाये
बस नग्में तेरे प्यार के
गाते ही जाए
ए काश के हम होश में
अब्ब आने ना पाये

हो बस अगर तुम हमारे सनम
हम तोह सितारो पे रख दे कदम
हो बस अगर तुम हमारे सनम
हम तोह सितारो पे रख दे कदम
सारा जहां भूल जाए
बस नग्में तेरे प्यार के
गाते ही जाए

ए काश कि हम होश में
अब आने ना पाये
ए काश कि हम होश में
अब आने ना पाये
बस नग्में तेरे प्यार के
गाते ही जाए
ए काश कि हम होश में
अब आने ना पाये
ए काश कि हम होश में
अब आने ना पाये."
2000,"आ आ..आ आ…आ आ..आ आ.. आ..

न है यह पाना
न खोना ही है
तेरा न होना
कुयं होना ही है

तुम से ही दिन होता है
सुरमई शाम आती है
तुम से ही तुम से ही
हर घडी साँस आती है
ज़िन्दगी कहलाती है
तुम से ही तुम से ही

न है यह पाना
न खोना ही है
तेरा न होना
कुयं होना ही है

आ आ..आ आ…आ आ..आ आ.. आ..

आँखों में आँखे तेरी
बहू में बहे तेरी
मेरा न मुझ में कुछ रहा
हुआ क्या
बातों में बातें तेरी
रथे सौगाते मेरी
कुयं तेरा सब यह हो गया
हुआ क्या
में कहीं भी जाता हूँ
तुम से ही मिल जथा हुन
तुम से ही तुम से ही
शोर में ख़ामोशी है
थोड़ी सी बेहोशी है
तुम से ही तुम से ही

आ आ आ आ आ आ…

आधा सा वादा कभी
आधे से ज़्यादा कभी
जी चाहे करलु इस तरह
वफ़ा का
छोड़े न छूटे कभी
तोड़े न टूटे कभी
जो दाग तुम से जुड़ गया
वफ़ा का
में तेरा सरमाया हूँ
जो भी में बन पाया हूँ
तुम से ही तुम से ही
रास्ते मिल जाते है
मंज़िल मिल जाती है
तुम से ही तुम से ही

न है यह पाना
न खोना ही है
तेरा न होना
कुयं होना ही है

आ आ आ आ आ आ …
 सजदे में यूँ ही झुकता हूँ
तुम पे ही ा के रखता हूँ
क्या यह सब को होता है

हम को क्या लेना है सब से
तुम से ही सब बातें अब से
बन गए हो तुम मेरी दुआ

सजदे में यूँ ही झुकता हूँ
तुम पे ही ा के रखता हूँ
क्या यह सब को होता है

हम को क्या लेना है सब से
तुम से ही सब बातें अब से
बन गए हो तुम मेरी दुआ
खुदा जाने के में फ़िदा हूँ
खुदा जाने में मिटत गया
ख़ुदा जाने यह क्यों हुआ है
के बन गए हो तुम मेरे ख़ुदा

तू कहे तो तेरे ही कदम के
मैं निषाणों पे
चलूँ रुकूँ इशारे पे
तू कहे तो ख्वाबों का बना के
मैं बहाना सा
मिला करूँ सिरहाने पे
हो तुम पे दिल की बातें सीखी
तुम से ही यह राहें सीखी
तुम पे मार के मैं तो जी गाय

खुदा जाने के में फ़िदा हूँ
खुदा जाने में मिटत गया
ख़ुदा जाने यह क्यों हुआ है
के बन गए हो तुम मेरे ख़ुदा

दिल कहे के आज तो छुपा लो तुम
पनाहों में
के दार है तुम को खा दूंगा
दिल कहे संभल ज़रा ख़ुशी को
न नज़र लगा
के दार है में तो रो दूंगा

ो करती हूँ सौ वाडे तुम से
बाँधे दिल के धागे तुम से
यह तुम्हे न जाने क्या हुआ

खुदा जाने के में फ़िदा हूँ
खुदा जाने में मिटत गया
ख़ुदा जाने यह क्यों हुआ है
के बन गए हो तुम मेरे ख़ुदा

सजदे में यूँ ही झुकता हूँ
तुम पे ही ा के रखता हूँ
क्या यह सब को होता है

हम को क्या लेना है सब से
तुम से ही सब बातें अब से
बन गए हो तुम मेरी दुआ

खुदा जाने के में फ़िदा हूँ
खुदा जाने में मिटत गया
ख़ुदा जाने यह क्यों हुआ है
के बन गए हो तुम मेरे ख़ुदा
के बन गए हो तुम मेरे ख़ुदा. ज़रासी दिल में दे जगह तू
ज़रा सा अपना ले बना
ज़रा सा खाबों में सजा तू
ज़रा सा यादों में बसा
मैं चाहूं तुझको मेरी जान बेपनाह
फिदा हूँ तुझपे मेरी जान बेपनाह
ओ ओ ओ ओ ओ ओ ओ

ज़रासी दिल में दे जगह तू
ज़रा सा अपना ले बना
ज़रा सा खाबों में सजा तू
ज़रा सा यादों में बसा

मैं तेरे मैं तेरे कदमों
में रख दू यह जहां
मेरा इश्क़ दीवानगी
है नहीं है नहीं आशिक़
कोई मुझसे तेरा
मैं चाहूं तुझको मेरी जान बेपनाह
फिदा हूँ तुझपे मेरी जान बेपनाह
ओ ओ ओ ओ ओ ओ ओ

ज़रासी दिल में दे जगह तू
ज़रा सा अपना ले बना
ज़रा सा खाबों में सजा तू
ज़रा सा यादों में बसा
कह भी दे
में तेरे जो है छुपा
कहाईश है जो तेरी
रख नहीं
कोई मुझसे ऐ जान
मैं चाहूं तुझको मेरी जान बेपनाह
फिदा हूँ तुझपे मेरी जान बेपनाह
ओ हो ओ ओ ओ ओ ओ. शाइनिंग इन थे संद न सुन
लिखे ा पर्ल अपॉन थे ओसियन
के एंड फील में
हुँ फील में
शाइनिंग इन थे संद न सुन
लिखे ा पर्ल अपॉन थे ओसियन
के एंड हेल में
हो हील में
थिंकिंग जब्त थे लव वे
मेक एंड आल लाइफ शेयरिंग
के एंड फील में
हो फ़ील में

शाइनिंग इन थे संद न सुन
लिखे ा पर्ल अपॉन थे ओसियन
के एंड फील में
को हील में
तू आजा तू भी मेरा मेरा
तेरा जो िकरारर हुआ

तो क्यों न में भी
कह दूँ कह दूँ
हुआ मुझे भी प्यार हुआ
तेरा होने लगा हूँ
खोने लगा हूँ
जब से मिला हूँ

तेरा होने लगा हूँ
खोने लगा हूँ
जब से मिला हूँ
शाइनिंग इन थे संद न सुन
लिखे ा पर्ल अपॉन थे ओसियन
के एंड फील में ो हील में
उम् वैसे तो मान मेरा
पहले भी रातों में

अक्सर ही चाहत के हाँ
सपने संजोता था
पहले भी धड़कन यह
धुन कोई जाति थी
पर अब्ब जो होता है वह
पहले न होता था
हुआ है तुझे जो भी जो भी
मुझे भी इस पार हुआ
तो न मैं भी कह दूँ कह दूँ
हुआ मुझे भी प्यार हुआ

तेरा होने लगा हूँ
खोने लगा हूँ
जब से मिला हूँ
तेरा होने लगा हूँ
खोने लगा हूँ
जब से मिला हूँ
आँखों से छू लूँ की
बाहें तरसती हैं
दिल ने पुकारा है हाँ
अब्ब तू चले आओ

आओ तो शबनम की
बूदें बरसती हैं
मौसम इशारा है हाँ
अब तो चले आओ
बाँहों में डेल बहें बाहें
बाँहों का जैसे हार हुआ
हाँ मन मेंए माना मन
हुआ मुझे भी प्यार हुआ

तेरा होने लगा हूँ
खोने लगा हूँ जब से मिला हूँ
तेरा होने लगा हूँ
खोने लगा हूँ जब से मिला हूँ
शाइनिंग इन थे संद न सुन
लिखे ा पर्ल अपॉन थे ओसियन
के एंड फील में हाँ फील में

शाइनिंग इन थे संद न सुन
लिखे ा पर्ल अपॉन थे ओसियन
के एंड हेल में हाँ हील में
थिंकिंग जब्त थे लव
वे मेक एंड आल लाइफ शेयरिंग
के एंड फील में हो फ़ील में
शाइनिंग इन थे संद न सुन
लिखे ा पर्ल अपॉन थे ओसियन
के एंड फील में कों हील में. हम्म हम्म हम्म हम्म्म ला ला ला
हे हे हे हे यह है
सुभान अल्लाह
सुभान अल्लाह सुब्हान अल्लाह
सुभान अल्लाह
सुभान अल्लाह सुब्हान अल्लाह
वाले वाले वाले वाले वाले वाले
चाँद सिफारिश जो करता
हमारी देता वह तुमको बता
शर्म ओ हया पे परदे गिरा के
करनी हैं हमको खता
ज़िद्द हैं अब तोह हैं खुद को मिटाना
होना हैं तुझमें फ़ना
चाँद सिफारिश जो करता हमारी
देता वह तुमको बता
शर्म ओ हया पे परदे गिरा के
करनी हैं हमको खता

वाले वाले वाले वाले
तेरी अदा भी हैं झोंके वाली
छू के गुज़र जाने दे
तेरी लचक हैं के जैसे डाली
दिल में उतर जाने दे
आजा बाहों में करके बहाना
होना हैं तुझमें फ़ना
चाँद सिफारिश जो करता हमारी
देता वह तुमको बता
शर्म ओ हया पे परदे गिरा के
करनी हैं हमको खता

सुभान अल्लाह
सुभान अल्लाह सुब्हान अल्लाह
सुभान अल्लाह
सुभान अल्लाह सुब्हान अल्लाह
हैं जो इरादे बता दूं
तुमको शर्मा ही जाओगी तुम
धड़कनें जो सुना दूँ
तुमको घबरा ही जाओगी तुम
हमको आता नहीं हैं छुपाना
होना हैं तुझमें फ़ना
चाँद सिफारिश जो करता हमारी
देता वह तुमको बता
शर्म ओ हया पे परदे गिरा के
करनी हैं हमको खता
ज़िद्द हैं अब तोह हैं खुद को
मिटाना होना हैं तुझमें फ़ना. तू ही तो जन्नत मेरी
तू ही मेरा जुन्नों
तू ही तो मन्नत मेरी
तू ही रूह का सुकून
तू ही अँखियों की ठंडक
तू ही दिल की है दस्तक
और कुछ न जणू में
बस इतना ही जानु

तुझे में रब दिखता है
यारा में क्या करूँ
तुझे में रब दिखता है
यारा में क्या करूँ

सजदे से झुकता है
यारा में क्या करूँ

तुझे में रब दिखता है
यारा में क्या करूँ
कैसे है यह दूरी
कैसे मजबूरी
मेने नज़रों से तुझे छू लिया
कभी तेरी खुश्बू
कभी तेरी बातें
बिन मांगे यह जहाँ प् लिया

तू ही दिल की ः रौनक
तू ही जन्मों की दौलत
और कुछ न जणू

बस इतना ही जणू

तुझे में रब दिखता है
यारा में क्या करूँ
तुझे में रब दिखता है
यारा में क्या करूँ

सजदे से झुकता है
यारा में क्या करूँ

तुझे में रब दिखता है
यारा में क्या करूँ

रब ने बना दी जोड़ी
चम् चम् आये
मुझसे तर्शाये
तेरा शया छेड़ की चुमता
ओ ओ
तू जो मुस्काये
तू जो शरमाये
जैसे मेरा है खुदा झोँटा
तू ही मेरी बरकारत
तू ही मेरी इबादत

और कुछ न जणू
बस इतना ही जणू

तुझे में रब दिखता है
यारा में क्या करूँ
तुझे में रब दिखता है
यारा में क्या करूँ

सजदे से झुकता है
यारा में क्या करूँ

तुझे में रब दिखता है
यारा में क्या करूँ

रब ने बना दी जोड़ी.

 कैसे बताये क्यूँ तुझको चाहे
यारा बता न पाये
बातें दिलों की
देखो जुबां की
आँखें तुझे समझायें
तू जाने ना
तू जाने ना

तू जाने ना
तू जाने ना

मिल के भी
हम न मिले
तुमसे न जाने क्यों
मीलों की है फासले
तुमसे है जाने क्यों
अनजाने हैं सिलसिले
तुम से न जाने क्यों
सपने है पलकों तले
तुम से न जाने क्यों

कैसे बताये क्यूँ तुझको चाहे
यारा बता न पाये
बातें दिलों की देखो ज़ुबाँ की
आँखें तुझे समझायें
तू जाने ना
तू जाने ना

तू जाने ना
तू जाने ना

निगाहों में देखो
मेरी जो हर बस गया
वह है मिलता तुमसे हूँ बहु

ोू जाने तेरी आँखें थी
या बातें थी वजह
हुए तुम जो दिल की आरज़ूओं
तुम पास हो के भी
तुम ास हो के भी
एहसास हो के भी
अपने नहीं

ऐसे है हुमको जिले
तुम से न जाने क्यों

मीलों की है फासले
तुमसे है जाने क्यों
तू जाने ना
तू जाने ना

तू जाने ना
तू जाने ना

ख्यालों में लाखों बातें
यूँ कह गया
बोल कुछ न तेरे सामने
ू ो
हुए न बेगाने भी तुम

हो के और के
देखो तुम मेरे ही बने
अफ़सोस होता
दिल भी यह रोटा है
सपने संजोता है
पागल हुआ सोचे यह
हम थे मिल
तुम से न जाने क्यों

मीलों की है फासले
तुमसे है जाने क्यों
अनजाने हैं सिलसिले
तुम से न जाने क्यों
सपने है पलकों तले
तुम से न जाने क्यों

ू

कैसे बताये क्यूँ तुझको चाहे
यारा बता न पाये
बातें दिलों की देखों ज़ुबान की
आँखे तुझे समझायें
तू जाने ना
तू जाने ना

तू जाने ना
तू जाने ना. कभी कभी अदिति जिंदगी में यूँ ही कोई अपना लगता है
कभी कभी अदिति वो बिछड़ जाए तो एक सपना लगता है
ऐसे में कोई कैसे अपने आंसुओं को बहने से रोके
और कैसे कोई सोचले Everything's Gonna Be Okay

कभी कभी तो लगे जिंदगी में रही ना खुशी और ना मज़ा
कभी कभी तो लगे हर दिन मुश्किल और हर पल एक सज़ा
ऐसे में कोई कैसे मुस्कुराए, कैसे हंस दे खुश होके
और कैसे कोई सोचले Everything's Gonna Be Okay

सोच ज़रा जानेजां तुझको हम कितना चाहते हैं
रोते हैं हम भी अगर तेरी आंखों में आंसूं आते हैं
गाना तो आता नहीं है मगर फ़िर भी हम गाते हैं
हे अदिति माना कभी कभी सारे जहाँ में अँधेरा होता है
लेकिन रात के बाद ही तो सवेरा होता है

कभी कभी अदिति जिंदगी में यूँ ही कोई अपना लगता है
कभी कभी अदिति वो बिछड़ जाए तो एक सपना लगता है
हे अदिति हंस दे हंस दे हंस दे हंस दे हंस दे तू ज़रा
नहीं तो बस थोड़ा थोड़ा थोड़ा थोड़ा थोड़ा थोड़ा मुस्कुरा

तू खुश है तो लगे की जहाँ में छाई है खुशी
सूरज निकले बादलों से और बाँटें जिंदगी
सुन तो ज़रा मदहोश हवा तुझसे कहने लगी
की अदिति वो जो बिछड़ते हैं एक ना एक दिन फ़िर मिल जाते
ये अदिति जाने तू या जाने न फूल फ़िर खिल जाते हैं कहने को जश्न-इ-बहरा है
इश्क़ यह देखके हैरान है
कहने को जश्न-इ-बहरा है
इश्क़ यह देखके हैरान है
फूल से खुशबू खफा खफा है गुलसन में
छुपा है कोई रंज फ़िज़ा की चिलमन में

सरे सेहमें नज़ारे हैं
सोए सोए वक़्त के धारे हैं
और दिल में कोई खोयी सी बातें हैं
ू.. कहने को जश्न-इ-बहरा है
इश्क़ यह देखके हैरान है
फूल से खुशबू खफा खफा है गुलसन में
छुपा है कोई रंज फ़िज़ा की चिलमन में

कैसे कहें क्या है सितम
सोचते है अब्ब यह हम
कोई कैसे कहें वह है या नहीं हमारे
करते तो है साथ सफर
फासले हैं फिर भी मगर
जैसे मिलते नहीं किसी दरिया के दो किनारे
पास हैं फिर भी पास नहीं
हम को यह गम रास नहीं
शीशे की एक दीवार है जैसे दरमियाँ

सरे सेहमें नज़ारे हैं
सोए सोए वक़्त के धारे हैं
और दिल में कोई खोयी सी बातें हैं
ू.. कहने को जश्न-इ-बहरा है
इश्क़ यह देखके हैरान है
फूल से खुशबू खफा खफा है गुलसन में
छुपा है कोई रंज फ़िज़ा की चिलमन में

हमने जो था नग्मा सुना
दिल ने था उसको चुना
यह दास्ताँ हमें वक़्त ने कैसे सुनाई
हम जो अगर है ग़मगीन
वह भी उधार खुश तो नहीं
मुलाकातों में जैसे घुल सी गई तन्हाई
मिलके भी हम मिलते नहीं
खिलके भी गुल खिलते नहीं
आँखों में है बहरें दिल में खिलजा

सरे सेहमें नज़ारे हैं
सोए सोए वक़्त के धारे हैं
और दिल में कोई खोयी सी बातें हैं
ो हूँ कहने को जश्न-इ-बहरा है
इश्क़ यह देखके हैरान है
फूल से खुशबू खफा खफा है गुलसन में
छुपा है कोई रंज फ़िज़ा की चिलमन में.
 आँखों में तेरी
अजब सी अजब सी अदायें है
हूँ आँखों में तेरी
अजब सी अजब सी अदायें है
दिल को बनादे जो पतंग सा से
यह तेरी वह हवाईएन है

आँखों में तेरी
अजब सी अजब सी अदायें है
हूँ आँखों में तेरी
अजब सी अजब सी अदायें है
दिल को बनादे जो पतंग सा से
यह तेरी वह हवाईएन है

आई ऐसे रात है जो
भहुत खुशनसीब है
चाहे जिसे दूर से दुनिया
वह मेरे करीब है
कितना कुछ कहना है
फिर भी है दिल में
सवाल कहीं
सपनो में जो रोज कहा है
वह फिर से कहूँ या नहीं

आँखों में तेरी
अजब सी अजब सी अदायें है
हूँ आँखों में तेरी
अजब सी अजब सी अदायें है
दिल को बनादे जो पतंग सा से
यह तेरी वह हवाईएन है

तेरे साथ साथ एशा
कोई नूर आया है
चाँद तेरी रौशनी का
हल्का सा एक साया है
तेरी नज़रों ने दिल का
किया जो हसर असर यह हुआ
अब्ब इनमें ही डूब
के हो जाऊ पार यही है दुआ

आँखों में तेरी
अजब सी अजब सी अदायें है
हूँ आँखों में तेरी
अजब सी अजब सी अदायें है
दिल को बनादे जो पतंग सा से
यह तेरी वह हवाईएन है

आँखों में तेरी
अजब सी अजब सी अदायें है
हूँ आँखों में तेरी
अजब सी अजब सी अदायें है
दिल को बनादे जो पतंग सा से
यह तेरी वह हवाईएन है.
Z
"
2010,"मैं यह साहिब जी
जाने है सब जी
फिर भी बनाये बहाने
नैना नवाबी जी
देखे हैं सब जी
फिर भी न समझे इशारे
मैं यह साहिब जी
हाँ करता बहाने
नैना नवाबी जी न
समझे इशारे

धीरे धीरे
नैनों को धीरे धीरे
जिया को धीरे धीरे
भायो रे सैबो
धीरे धीरे
बेगाना धीरे धीरे
अपना सा धीरे धीरे
लागे रे सैबो

सैबो सैबो
सुर्खहियाँ हैं हवाओं में
दो दिलों के मिलने की
अर्ज़ियाँ हैं नज़ारों में
लम्हा यह थम जाने की

हो कैसी हुज़ूरी जी
यह लैब दिखलाये
चुप्पी लगा के भी
ग़ज़ब है यह ढाये

धीरे धीरे
नैनों को धीरे धीरे
जिया को धीरे धीरे
भायो रे सैबो
धीरे धीरे
बेगाना धीरे धीरे
अपना सा धीरे धीरे
लागे रे सैबो

सैबो सैबो धीरे धीरे
नैनों को धीरे धीरे
जिया को धीरे धीरे
भायो रे सैबो
धीरे धीरे
बेगाना धीरे धीरे
अपना सा धीरे धीरे
लागे रे सैबो
सैबो सैबो हाय सैबो. 
चिड़िया चिड़िया ो सोन चिड़िया
भड़िया भड़िया भाई बहुत भड़िया
सैया सैया ओ मोरे सैया
आजा रे आजा पकड़ मोरी बईया
हाय सैया सैया ओ मोरे सैया
आजा रे आजा पकड़ मोरी बईया

आजा संडे वाले दिन
खेले सैटरडे का खेल मेल
तेरा मेरा होके रहेगा सावरिया
चिड़िया चिड़िया मै तेरी चिड़िया
भड़िया भड़िया भाई बहुत भड़िया

बुढ़िया बुढ़िया तंग करे बुढ़िया
चल उसको दे दे ज़हर की पुड़िया
ो हमें करना है प्यार
बने बिच में दीवार
इस आशिकी को लग गई किसकी नजरिया
चिड़िया चिड़िया ो सोन चिड़िया
भड़िया भड़िया भाई बहुत भड़िया

ओ तेरी कमर है छाला
ो तेरे घूंघर वाले बाल
तुझे पता नहीं चला
तेरे हम है सावरिया.

 है दुनिया
दुनिया दुनिया दुनिया
ये दुनिया बड़ी गोल है
दुनिया दुनिये दुनिया
गलियों गलियों चप्पा चप्पा
अप्लम चपलम लारे लप्पा
तौबा तौबा रब्बा रब्बा

तोला पल में
पोल में छोड़ा
अगड़म तिगड़म
जी जी जी जी
दुनिया दुनिया दुनिया
ये दुनिया बड़ी गोल है

है दुनिया
है इसमें कितने झोल
तोल तोल तोल तोल
अरे अदि टेडी
मिटटी मीठी
दिखती असली
जी जी जी जी

आती जाती
आँख मिचौली
खुद में रहती
जी जी जी जी
है दुनिया
ये दुनिया बड़ी गोल है
दुनिया दुनिया दुनिया
झोल तोल तोल तोल

तू सुला के बुलाये
कैसे चूना लगाए
पहले लोरी सुनाये
कैसे चूना लगाए
न झटका लगे ऑय
बिना शोर फटका लगे ऑय

अरे भैया भैया
भैया भैया
भैया भैया
गलियों गलियों चप्पा चप्पा
अप्लम चपलम लारे लप्पा
तौबा तौबा रब्बा रब्बा

तोला पल में
पोल में छोड़ा
अगड़म तिगड़म
जी जी जी जी

है दुनिया
ये दुनिया बड़ी गोल
गोल गोल गोल गोल गोल है
है. दुनिया
है इसमें कितने झोल
झोल तोल तोल तोल
तोल तोल तोल तोल.
 कैसी तेरी खुदगर्जी
न धुप चुने न छाँव
कैसे तेरी खुदगर्जी
किसी थॉर ठीके न पाँव

कैसी तेरी खुदगर्जी
न धुप चुने न छाँव
कैसे तेरी खुदगर्जी
किसी थॉर ठीके न पाँव

बन लिया अपना पैगम्बर
टार लिया सात समंदर
फिर भी सूखा मन के अंदर
क्यूँ रहेगा

रे कबीरा मान जा
रे फ़कीरा मान जा
आजा तुझको पुकारें
तेरी परछाइयाँ
रे कबीरा मान जा
रे फ़कीरा मान जा
ऐसा तू है मेरे
मोहि कैसा हरजाइयां

टूटी चारपाई मोहि
ठंडी पुरवाई रास्ता देखे
दूधों की मलाई मोहि
मिट्टी की सुराही रास्ता देखे

कैसी तेरी खुदगर्जी
लैब नाम तेरा मेरा मिश्री
कैसी तेरी खुदगर्जी
तुझे प्रीत पुराणी बिसरि

मस्त मौला मस्त कलंदर
तू हवा का एक बवंडर
बुझ के यूं अंदर ही अंदर
क्यों रह गया

रे कबीरा मान जा
रे फ़कीरा मान जा
आजा तुझको पुकारें
तेरी परछाइयाँ
रे कबीरा मान जा
रे फ़कीरा मान जा
ऐसा तू है मेरे मोहि कैसा
हरजाइयां. पल भर ठहर जाओ
दिल ये संभल जाए
कैसे तुम्हे रोका करूँ
मेरी तरफ आता हर
ग़म फिसल जाए
आँखों में तुम को भरून
बिन बोले बातें तुमसे करूँ
‘गर तुम साथ हो
अगर तुम साथ हो

बहती रहती
नहर नदिया सी
तेरी दुनिया में
मेरी दुनिया है
तेरी चाहतों में
मैं ढल जाती हूँ
तेरी आदतों में
‘गर तुम साथ हो

तेरी नज़रों में
है तेरे सपने
तेरे सपनो में
है नाराज़ी
मुझे लगता है
के बातें दिल की
होती लफ़्ज़ों की धोकेबाज़ी
तुम साथ हो या न
हो क्या फर्क है
बेदर्द थी ज़िन्दगी बेदर्द है
अगर तुम साथ हो
अगर तुम साथ हो

पलकें झपकते
ही दिन ये निकल जाए
बैठी बैठी भागि फिरूं
मेरी तरफ आता हर
ग़म फिसल जाए
आँखों में तुम को भरून
बिन बोले बातें तुमसे करूँ
‘गर तुम साथ हो
अगर तुम साथ हो

तेरी नज़रों में
है तेरे सपने
तेरे सपनो में
है नाराज़ी
मुझे लगता है
के बातें दिल की
होती लफ़्ज़ों की धोकेबाज़ी
तुम साथ हो या न
हो क्या फर्क है
बेदर्द थी ज़िन्दगी बेदर्द है

अगर तुम साथ हो
दिल ये संभल जाए
अगर तुम साथ हो
हर ग़म फिसल जाए
अगर तुम साथ हो
दिल ये निकल जाए
अगर तुम साथ हो
हर ग़म फिसल जाए.
 ये भी ना जाने
वो भी ना जाने
नैनो के रंग नैना जाने
मिला जो संग तेरा
उड़ा पतंग मेरा
हवा में होके मलंग

जग की कोई रीत ना जाने
मैं तो बस तेरी हुई दीवानी
मिला जो संग तेरा
उड़ा पतंग मेरा
हवा में होके मलंग

मैं छोड़ आई घर बार मेरा
ओ मखणां वे मखणां
अब तू ही है संसार मेरा
ओ मखणां वे मखणां
यह पागल सा है प्यार मेरा
ओ मखणां वे मखणां
मैं छोड़ आई घर बार मेरा
ओ मखणां…

छोड़ आई घर बार मेरा
ओ मखणां वे मखणां
अब तू ही है संसार मेरा
ओ मखणां वे मखणां
यह पागल सा है प्यार मेरा
ओ मखणां वे मखणां
मैं छोड़ आई घर बार मेरा
ओ मखणां…

तेरी ही बातें हों
सुबह सी रातें हों
जब से मिला है तू
दिल को मिला सुकून
तू ही राह मेरी तू ही सफ़र है
तेरी बाहों में अब मेरा घर है

चैन ना जाने दर्द ना जाने
दिल तो बस दिल को पहचाने
मिला जो संग तेरा
उड़ा पतंग मेरा
हवा में होके मलंग

मैं छोड़ आई घर बार मेरा
ओ मखणां वे मखणां
अब तू ही है संसार मेरा
ओ मखणां वे मखणां
यह पागल सा है प्यार मेरा
ओ मखणां वे मखणां
मैं छोड़ आई घर बार मेरा
ओ मखणां..

छोड़ आई घर बार मेरा
अब तू ही है संसार मेरा
यह पागल सा है प्यार मेरा
मैं छोड़ आई घर बार मेरा

मैं छोड़ आई घर-बार मेरा
ओ मखणां..
तू ही है संसार मेरा
ओ मखणां..
यह पागल सा है प्यार मेरा
ओ मखणां..
मैं छोड़ आई घर-बार मेरा
ओ मखणां हौले से
धीमे से
मुझको बाहों में भर लो न तुम
नर्म सी
साँसों में
मुझको आहों में भर लो न तुम

सुन ज़रा मेरे पास आ
अब बैठे हैं हम भी यहाँ
दिल की दरमियाँ
बारिशें हैं, बारिशें हैं
तेरी ही बातों पे मैंने सज़ा ली है दुनिया यहाँ
दिल की दरमियाँ
बारिशें हैं, बारिशें

अब तो आती है, बुलाती है
बिस्तर से यूँ गिराती है
कि सौं में, बाहों में बस तेरी, हाँ
जब बारिशें बरसती हैं
पागल जैसे थिरकती है
तुम जैसी हो, बस वैसी ही रहो

अब तेरे बिना यहाँ मेरी साँसे
जैसे बिना निन्दिया की रातें हैं तो
और तू ही मेरे दिल की रज़ा है
तेरे बिना दिल भी ख़फा है तो

तेरी आँखों का काजल न फैले अब कभी भी
तुझे इतना प्यार दूँ, हाँ
तेरी खुशियों की खातिर
ये दुनिया मैं मेरी, एक पल में वार दूँ, मैं

अब बिखरी तेरी ये जुल्फो़ से आँखें तेरी जब दिखती हैं
दिखता है मुझे वो आसमान
कि खोलूँ पंख मैं मेरे उड़ जाऊं, खो जाऊं
मैं इस आसमान पतंगो की तरह, हाँ हवाओं में बहेंगे
घटाओं में रहेंगे
तू बरखा मेरी
मैं तेरा बादल पिया
जो तेरे ना हुवे तो
किसी के ना रहेंगे
दीवानी तू मेरी
मैं तेरा पागल पिया

हज़ारों में किसी को
तक़दीर ऐसी मिली है
इक राँझा और हीर जैसी

ना जाने ये ज़माना
क्यों चाहे रे मिटाना
कलंक नहीं इश्क़ है काजल पिया
कलंक नहीं इश्क़ है काजल पिया
पिया, पिया, पिया रे..
हिंदीट्रैक्स
पिया रे, पिया रे..
पिया रे, पिया रे, पिया रे, पिया रे..

दुनिया की नजरों में ये रोग है
हो जिनको वो जाने ये जोग है
इक तरफा शायद हो दिल का भरम
दो तरफा है तो ये संजोग है

लायी रे हमें जिंदगानी की कहानी
कैसे मोड़ पे
हुवे रे खुद से पराये
हम किसी से नैना जोड़ के

हज़ारों में किसी को
तक़दीर ऐसी मिली है
इक राँझा और हीर जैसी

ना जाने ये ज़माना
क्यों चाहे रे मिटाना
कलंक नहीं इश्क़ है काजल पिया
कलंक नहीं इश्क़ है काजल पिया

मैं तेरा, मैं तेरा, मैं तेरा, मैं तेरा
मैं तेरा, मैं तेरा, मैं तेरा, मैं तेरा
मैं गहरा तामस तू सुनहरा सवेरा

मैं तेरा ओ, मैं तेरा
मुसाफिर मैं भटक तू मेरा बसेरा
मैं तेरा ओ.. मैं तेरा

तू जुगनू चमकता
मैं जंगल घनेरा
मैं तेरा आ..
ओ पिया मैं तेरा, मैं तेरा, मैं तेरा
हो.. मैं तेरा
हो.. मैं तेरा, मैं तेरा, मैं तेरा ख़ैरियत पूछो कभी तो कैफ़ियत पूछो
तुम्हारे बिन दीवाने का क्या हाल है
दिल मेरा देखो ना मेरी हैसियत पूछो
तेरे बिन एक दिन जैसे सौ साल है..

अंजाम है तय मेरा.. होना तुम्हे है मेरा
जितनी भी हों दूरियाँ फ़िलहाल है
यह दूरियाँ फ़िलहाल है

हो…ओ..ओ..
ख़ैरियत पूछो कभी तो कैफ़ियत पूछो
तुम्हारे बिन दीवाने का क्या हाल है
दिल मेरा देखो, ना मेरी हैसियत पूछो
तेरे बिन एक दिन जैसे.. सौ साल है

तुम्हारी तस्वीर के सहारे, मौसम कई गुज़ारे
मौसमी ना समझो, पर इश्क़ को हमारे
नज़रों के सामने मैं, आता नहीं तुम्हारे
मगर रहते हो.. हर पल मंज़र मे तुम हमारे

अगर इश्क़ से.. है मिला
फिर दर्द से, क्या गिला
इस दर्द में ज़िंदगी खुशहाल है..
यह, दूरियाँ फ़िलहाल हैं

हो..ओ..ओ…
ख़ैरियत पूछो कभी तो कैफ़ियत पूछो
तुम्हारे बिन दीवाने का क्या हाल है
दिल मेरा देखो ना मेरी हैसियत पूछो
तेरे बिन एक दिन जैसे, सौ साल है..

अंजाम है तय मेरा.. होना तुम्हे है मेरा..
जितनी भी हों दूरियाँ फ़िलहाल है
यह दूरियाँ फ़िलहाल है… हंसता रहता हूँ तुझसे मिल कर क्यूँ आजकल
बदले बदले हैं मेरे तेवर क्यूँ आजकल
आँखें मेरी हर जगह
ढूंढ़ें तुझे बेवजह
ये मैं हूँ या कोई और है मेरी तरह

कैसे हुआ, कैसे हुआ
तू इतना ज़रूरी कैसे हुआ
कैसे हुआ, कैसे हुआ
तू इतना ज़रूरी कैसे हुआ

मैं बारिश की बोली समझता नहीं था
हवाओं से मैं यूँ उलझता नहीं था
है सीने में दिल भी
कहाँ थी मुझे ये ख़बर

कहीं पे हों रातें
कहीं पे सवेरे
आवारगी ही रही साथ मेरे
ठहर जा, ठहर जा
ये कहती है तेरी नज़र

क्या हाल हो गया है ये मेरा
आँखें मेरी हर जगह
ढूंढ़ें तुझे बेवजह
ये मैं हूँ या कोई और है मेरी तरह

कैसे हुआ, कैसे हुआ
तू इतना ज़रूरी कैसे हुआ
कैसे हुआ, कैसे हुआ
तू इतना ज़रूरी कैसे हुआ
कैसे हुआ, कैसे हुआ
तू इतना ज़रूरी कैसे हुआ"
2020,"जब चलते चलते राह मुड़े
जब जुगनू मुठी खोल उड़े
जब नैन ये तोड़े रूल सभी
और खुल के करले भूल सभी
भूल सभी, भूल सभी

तो अटक गया है
ये मन अटक गया है
कुछ चटक गया है
ये मन अटक गया है

तो अटक गया है
ये मन अटक गया है
कुछ चटक गया है
ये मन अटक गया है

कभी झील है तू और
कभी यादों की नाव है
तू ही दिल का किनारा मेरा

कभी धुप है तू और
कभी तारो की छाओं है
सारा ही है सहारा मेरा

जब बाकी दुनिया धुंधली लगे
जब रात भी उजली उजली लगे
जब दिल को दुआ मालुम पड़े
हर धड़कन जट से बूम करे
बूम करे, बूम करे

तो अटक गया है
ये मन अटक गया है
कुछ चटक गया है
ये मन अटक गया है

तो अटक गया है
ये मन अटक गया है
कुछ चटक गया है
ये मन अटक गया है. हां, अखियां मिला ले
मिला ले
के आंसू वी ना आवे
ना आवे
हां, अखियां मिला ले
मिला ले
के आंसू वी ना आवे
ना आवे
जग सारा फरियां मैं
तुझसा ना कोई पावा
मैं था दिल सा आवारा
तेरे दर पे कहां से आवा
हां, अखियां मिला ले
मिला ले
के आंसू वी ना आवे
ना आवे
हां, अखियां मिला ले
मिला ले
के आंसू वी ना आवे
ना आवे
क्यों नासूर से बन गए
ख्वाब मेरे (ख्वाब मेरे)
क्यों हर पल में तेरा नाम
दिल ये ले हो हो!
जग सारा फरियां मैं
तुझसा ना कोई पावा
मैं था दिल सा आवारा
तेरे दर पे कहां से आवा
हां, अखियां मिला ले
मिला ले
के आंसू वी ना आवे
ना आवे
हां, अखियां मिला ले
मिला ले
के आंसू वी ना आवे
ना आवे
हां, अखियां मिला ले दुआ भी लगे ना मुझे
दवा भी लगे ना मुझे
जब से दिल को मेरे तू लगा है

नींद रातों की मेरी
चाहत बातों को मेरी
चैन को मेरे तूने
यूँ ठगा है

जब साँसे भरूं मैं
बंद आँखें करूँ मैं
नज़र तू यार आया

दिल को करार आया
तुझपे है प्यार आया
पहली पहली बार आया ओ यारा

दिल को करार आया
तुझपे है प्यार आया
पहली पहली बार आया ओ यारा….
आ….

हर रोज पूछे ये हवाएं
हम तो बता के हारे
क्यूँ जिक्र तेरा करते हैं हमसे तेरे

हर रोज पूछे ये हवाएं
हम तो बता के हारे
क्यूँ जिक्र तेरा करते हैं हमसे तेरे

अब फिर से हैं तेरे
इन होठों पे मेरे
इज़हार आया यारा

दिल को करार आया
तुझपे है प्यार आया
पहली पहली बार आया ओ यारा

दिल को करार आया
तुझपे है प्यार आया
पहली पहली बार आया ओ यारा…. मुझको.. इतना बताये कोई
कैसे तुझसे दिल ना लगाए कोई
रब्बा ने तुझको बनाने में
कर दी है हुस्न की खाली तिजोरियाँ

काजल की सिहाई से लिखी
है तूने जाने
कितनो की लव स्टोरियाँ

केसरिया तेरा इश्क़ है पिया
रंग जाऊं जो मैं हाथ लगाऊँ
दिन बीते सारा तेरी फ़िक्र में
रैन सारी तेरी खैर मनाऊँ

शिवा…
ईशा का मतलब जानते हो तुम ?
पार्वती.
अब शिवा का साथ पार्वती नही देगी तो कौन देगा.

पतझड़ के मौसम में भी
रंगी चनारो जैसी
झनके सन्नाटो में तू
वीना के तारो जैसी…

हम्म…

सदियों से भी लम्बी ये
मन की अमावसे है
और तू फुलझड़ियों वाले त्योहारों जैसी

चंदा भी दीवाना है तेरा
जलती है तुझसे सारी चकोरियाँ…

काजल की सिहाई से लिखी
है तूने जाने
कितनो की लव स्टोरियाँ…
लव स्टोरियाँ…

केसरिया तेरा इश्क़ है पिया
रंग जाऊं जो मैं हाथ लगाऊँ
दिन बीते सारा तेरी फ़िक्र में
रैन सारी तेरी खैर मनाऊँ

केसरिया तेरा इश्क़ है पिया
इश्क़ है पिया
केसरिया तेरा इश्क़ है पिया
इश्क़ है पिया
केसरिया तेरा ਰੁਠੀ ਹੈ ਸ਼ਬ ਤੇ ਰੱਬਾ
ਰੱਬਾ ਦਿਲ ਭੀ ਹੈ ਰੂਠਾ
ਸਬ ਕੁਛ ਹੈ ਬਿਖਰਾ ਬਿਖਰਾ
ਬਿਖਰਾ ਸਾ ਰੂਠਾ ਰੂਠਾ
ਚੁਪ ਮਾਹੀ ਚੁਪ ਹੈ ਰਾਂਝਾ
ਬੋਲੇ ਕੈਸੇ ਵੇ ਨਾ ਜਾ
ਬੋਲੇ ਕੈਸੇ ਵੇ ਨਾ ਜਾ
ਆਜਾ ਆਜਾ
ਬੋਲੇ ਕੈਸੇ ਵੇ ਨਾ ਜਾ
ਬੋਲੇ ਕੈਸੇ ਵੇ ਨਾ ਜਾ
ਚੁਪ ਮਾਹੀ ਚੁਪ ਹੈ ਰਾਂਝਾ
ਆਜਾ ਆਜਾ
ਵੇ ਮੇਰਾ ਢੋਲਾ ਨੀ ਆਯਾ ਢੋਲਾ
ਵੇ ਮੇਰਾ ਢੋਲਾ ਨੀ ਆਯਾ ਢੋਲਾ
ਵੇ ਮੇਰਾ ਢੋਲਾ ਨੀ ਆਯਾ ਢੋਲਾ
ਵੇ ਮੇਰਾ ਢੋਲਾ ਨੀ ਆਯਾ ਢੋਲਾ
ਓ ਰਬ ਭੀ ਖੇਲ ਹੈ ਖੇਲੇ
ਰੋਜ਼ ਲਗਾਵੇ ਮੇਲੇ
ਕਿਹੰਦਾ ਕੁਛ ਨਾ ਬਦਲਾ
ਝੂਠ ਬੋਲੇ ਹਰ ਵੇਲੇ
ਓ ਰਬ ਭੀ ਖੇਲ ਹੈ ਖੇਲੇ
ਰੋਜ਼ ਲਗਾਵੇ ਮੇਲੇ
ਕਿਹੰਦਾ ਕੁਛ ਨਾ ਬਦਲਾ
ਝੂਠ ਬੋਲੇ ਹਰ ਵੇਲੇ
ਚੁਪ ਮਾਹੀ ਚੁਪ ਹੈ ਰਾਂਝਾ
ਬੋਲੇ ਕੈਸੇ ਵੇ ਨਾ ਜਾ
ਬੋਲੇ ਕੈਸੇ ਵੇ ਨਾ ਜਾ
ਆਜਾ ਆਜਾ
ਬੋਲੇ ਕੈਸੇ ਵੇ ਨਾ ਜਾ
ਬੋਲੇ ਕੈਸੇ ਵੇ ਨਾ ਜਾ
ਚੁਪ ਮਾਹੀ ਚੁਪ ਹੈ ਰਾਂਝਾ
ਆਜਾ ਆਜਾ
ਨੀ ਮੈਂ ਰੱਜ ਰੱਜ ਹਿਜਰ ਮਨਾਵਾਂ
ਨੀ ਖੁਦ ਤੋਂ ਰੁੱਸ ਮੂਡ ਜਾਵਾ
ਨੀ ਮੈਂ ਰੱਜ ਰੱਜ ਹਿਜਰ ਮਨਾਵਾਂ
ਨੀ ਖੁਦ ਤੋਂ ਰੁੱਸ ਮੂਡ ਜਾਵਾ
ਕੱਲੀ ਭੀਡ ਚ ਬੈਠੀ
ਤੇਰੀ ਪੀਡ ਲੇ ਬੈਠੀ
ਰੁੱਸੇਯਾ ਰਾਂਝਾ ਵੇ ਮੇਰਾ
ਮੈਂ ਕੱਮ ਨਾ ਐਤਠੀ
ਕੱਲੀ ਭੀਡ ਚ ਬੈਠੀ
ਤੇਰੀ ਪੀਡ ਲੇ ਬੈਠੀ
ਰੁੱਸੇਯਾ ਰਾਂਝਾ ਵੇ ਮੇਰਾ
ਮੈਂ ਕੱਮ ਨਾ ਐਤਠੀ
ਚੁਪ ਮਾਹੀ ਚੁਪ ਹੈ ਰਾਂਝਾ
ਬੋਲੇ ਕੈਸੇ ਵੇ ਨਾ ਜਾ
ਬੋਲੇ ਕੈਸੇ ਵੇ ਨਾ ਜਾ
ਆਜਾ ਆਜਾ
ਬੋਲੇ ਕੈਸੇ ਵੇ ਨਾ ਜਾ
ਬੋਲੇ ਕੈਸੇ ਵੇ ਨਾ ਜਾ
ਚੁਪ ਮਾਹੀ ਚੁਪ ਹੈ ਰਾਂਝਾ
ਆਜਾ ਆਜਾ ਆਜਾ ਆਜਾ ਤੇਰੀ ਮੇਰੀ ਗੱਲਾਂ ਹੋ ਗਈ ਮਸ਼ਹੂਰ
ਕਰ ਨਾ ਕਭੀ ਤੂ ਮੁਝੇ ਨਜ਼ਰੋਂ ਸੇ ਦੂਰ
ਕਿੱਥੇ ਚਲੀ ਏ ਤੂ ਕਿਥੇ ਚਲੀ ਏ ਤੂ
ਕਿੱਥੇ ਚਲੀ ਏ ਤੂ ਕਿਥੇ ਚਲੀ ਏ ਤੂ
ਜਾਣਦਾ ਏ ਦਿਲ ਏ ਤੋਂ ਜਾਂਦੀ ਏ ਤੂ
ਤੇਰੇ ਬਿਨ ਮੈਂ ਨਾ ਰਹਿਣ ਮੇਰੇ ਬਿਨਾ ਤੂ
ਕਿੱਥੇ ਚਲੀ ਏ ਤੂ ਕਿਥੇ ਚਲੀ ਏ ਤੂ
ਕਿੱਥੇ ਚਲੀ ਏ ਤੂ ਕਿਥੇ ਚਲੀ ਏ ਤੂ
ਕਾਟੂੰ ਕੈਸੇ ਰਾਤਾਂ ਓ ਸਾਵਰੇ
ਜਿਯਾ ਨਹੀ ਜਾਤਾ ਸੁਣ ਬਾਵਰੇ
ਕੇ ਰਾਤਾਂ ਲੰਮੀਆਂ ਲੰਮੀਆਂ ਰੇ
ਕਟੇ ਤੇਰੇ ਸੰਗਿਆਂ ਸੰਗਿਆਂ ਰੇ
ਕੇ ਰਾਤਾਂ ਲੰਮੀਆਂ ਲੰਮੀਆਂ ਰੇ
ਕਟੇ ਤੇਰੇ ਸੰਗਿਆਂ ਸੰਗਿਆਂ ਰੇ
ਚੰਮ ਚੰਮ ਚੰਮ ਅੰਬਰਾਂ ਦੇ ਤਾਰੇ ਕਿਹੰਦੇ ਨੇ ਸੱਜਣਾ
ਤੂ ਹੀ ਚੰਨ ਮੇਰੇ ਇਸ ਦਿਲ ਦਾ ਮੰਨ ਲੇ ਵੇ ਸੱਜਣਾ
ਤੇਰੇ ਬਿਨਾ ਮੇਰਾ ਹੋ ਨਾ ਗੁਜ਼ਾਰਾ
ਛੱਡ ਕੇ ਨਾ ਜਾਵੀਂ ਮੈਨੂ ਤੂ ਹੀ ਹੈ ਸਹਾਰਾ
ਕਾਟੂੰ ਕੈਸੇ ਰਾਤਾਂ ਓ ਸਾਵਰੇ
ਜਿਯਾ ਨਹੀ ਜਾਤਾ ਸੁਣ ਬਾਵਰੇ
ਕੇ ਰਾਤਾਂ ਲੰਮੀਆਂ ਲੰਮੀਆਂ ਰੇ
ਕਟੇ ਤੇਰੇ ਸੰਗਿਆਂ ਸੰਗਿਆਂ ਰੇ
ਕੇ ਰਾਤਾਂ ਲੰਮੀਆਂ ਲੰਮੀਆਂ ਰੇ
ਕਟੇ ਤੇਰੇ ਸੰਗਿਆਂ ਸੰਗਿਆਂ ਰੇ
ਤੇਰੀ ਮੇਰੀ ਗੱਲਾਂ ਹੋ ਗਾਯੀ ਮਸ਼ਹੂਰ
ਕਰ ਨਾ ਕਭੀ ਤੂ ਮੈਨੂ ਨਜ਼ਰੋਂ ਸੇ ਦੂਰ
ਪਿੱਛੇ ਚਲੀ ਏ ਤੇਰੇ ਪਿੱਛੇ ਚਲੀ ਏ
ਤੇਰੇ ਪਿੱਛੇ ਚਲੀ ਏ
ਜਾਣਦਾ ਏ ਦਿਲ ਏ ਤੋਂ ਜਾਣਦੀ ਏ ਤੂ
ਤੇਰੇ ਬਿਨਾ ਮੈਂ ਨਾ ਰਹਿਣ ਮੇਰੇ ਬਿਨਾ ਤੂ
ਕਿਥੇ ਚਲੀ ਏ ਤੂ ਕੀਤੇ ਚਲੀ ਏ ਤੂ
ਕਿਥੇ ਚਲੀ ਏ
ਕਾਟੂੰ ਕੈਸੇ ਰਾਤਾਂ ਓ ਸਾਵਰੇ
ਜਿਯਾ ਨਹੀ ਜਾਤਾ ਸੁਣ ਬਾਵਰੇ
ਕੇ ਰਾਤਾਂ ਲੰਮੀਆਂ ਲੰਮੀਆਂ ਰੇ
ਕਟੇ ਤੇਰੇ ਸੰਗਿਆਂ ਸੰਗਿਆਂ ਰੇ
ਕੇ ਰਾਤਾਂ ਲੰਮੀਆਂ ਲੰਮੀਆਂ ਰੇ
ਕਟੇ ਤੇਰੇ ਸੰਗਿਆਂ ਸੰਗਿਆਂ ਰੇ
ਕੇ ਰਾਤਾਂ ਲੰਮੀਆਂ ਲੰਮੀਆਂ ਰੇ
ਕਟੇ ਤੇਰੇ ਸੰਗਿਆਂ ਸੰਗਿਆਂ ਰੇ
ਕੇ ਰਾਤਾਂ ਲੰਮੀਆਂ ਲੰਮੀਆਂ ਰੇ
ਕਟੇ ਤੇਰੇ ਸੰਗਿਆਂ ਸੰਗਿਆਂ ਰੇ The Carnival!
The Last Ride!
King!

तु आके देख ले
हो मैंने रातें कितनी सारी
तेरी यादों में गुजारी सोनिये
सोनिये

तु आके देख ले
हो मैंने रातें कितनी सारी
तेरी यादों में गुजारी सोनिये
सोनिये

लोग कहते बेचारा
ज़रा पुचो तो क्यूँ हारा
जब प्यार मिला नहीं तो दिल का
कतल कर नाम बना डाला

ये झूमता आवारा
कैसे जीता चला जरा
बेख़ौफ़ निगाह मेरी झाँक के देखो
ताज बना रहा

पर तेरे आगे कुछ भी नहीं
सब खाख बराबर
मैं खो जाऊँगा मिल के
मुझसे बात करा कर

पर तेरे आगे कुछ भी नहीं
सब खाख बराबर
मैं खो जाऊँगा मिल के
मुझसे बात करा कर

के तु मेरी आँखों में है पूरी जाचती
और तेरे आगे मेरी नहीं एक चलती
ये दुनिया वाले निकाले ना कमी
मैं अपने ऊपर लेलु तेरी सारी गलती

और मिट जायेंगे ये फासले
बन जायेंगे नए काफिले
हे हे हे

तु आके देख ले
हो मैंने रातें कितनी सारी
तेरी यादों में गुजारी सोनिये
सोनिये

तु आके देख ले
हो मैंने रातें कितनी सारी
तेरी यादों में गुजारी सोनिये
सोनिये

लोग कहते मुझको गलत
मैं रखता तेरी तलब
पर क्या करू तेरी तस्वीरों को
देखे उठति तड़प

मैं रोखता खुदको नहीं
आसूं आ जाते है
मैं वो नहीं जो करे
प्यार किसी से भी
नाम का रख के फरक

बस मेरे आगे अपनी ही तु बात करा कर
दिल दुःख ना जाये मेरा थोडा ध्यान रखा कर
बस मेरे आगे अपनी ही तु बात करा कर
दिल दुःख ना जाये मेरा थोडा ध्यान रखा कर

के तु मेरी यादों में है पूरी बसती
और तेरे सिवा कोई अच्छा लगता नहीं
ये दुनिया वाले निकाले ना कमी
मैं अपने ऊपर लेलु तेरी सारी गलती

और मिट जायेंगे ये फासले
बन्न जायेंगे नए काफिले
हे हे हे

तु आके देख ले
हो मैंने रातें कितनी सारी
तेरी यादों में गुजारी सोनिये
सोनिये

तु आके देख ले
हो मैंने रातें कितनी सारी
तेरी यादों में गुजारी सोनिये
सोनिये

वो वो वो देखूं मैं तुझे या देखूं कुदरत के नज़ारे
मुश्किलों में है ये दिल मेरा
माना तेरी सूरत की है चाँदी सौ टका बिल्लो
मेरे दिल का सोना भी खरा

ये तेरी चाँद बालियां
है होंठो पे ये गालियां
ये तेरी चाँद बालियां
है होंठो पे ये गालियां

सोचने का मौका ना दिया
मैं तो तेरे पीछे हो लिया
मैं तो तेरे पीछे हो लिया
मैं तो तेरे पीछे

सूट पटियाला तेरा जुत्ती अमृतसरिया
दिल कमजोर है मेरा
मुक जाणे नखरे तेरे
मेरा इश्क़ नइयो मुकणा
पक्का यही प्रॉमिस जट्ट दा

लड़े नैनो के पेचे
दूर से मुझको मुझको खेंचे
लड़े नैनो के पेचे
दूर से मुझको मुझको खेंचे

डोर तू पतंग मैं तेरा
मैं तो तेरे छत पे जा गिरा
मैं तो तेरे पीछे हो लिया
मैं तो तेरे पीछे मेरी जां, मेरी जां, मेरी जां
मेरी जां, मेरी जां, मेरी जां

आयी है जो रात नशीली
इसकी हर एक बात नशीली
तू भी आ कर ले नशा

दोनों की मुलाक़ात नशीली
नशे की ये बरसात नशीली
तू भी आ कर ले नशा

मेरी जाँ, मेरी जाँ, मेरी जाँ
मेरी जाँ, मेरी जाँ, मेरी जाँ

(संगीत)

सुबह तक भी ना उतरेगा
नशा ये इस पल का
इसमें जी ले क्या करना है
वादा ये कल का

सुबह तक भी ना उतरेगा
नशा ये इस पल का
इसमें जी ले क्या करना है
वादा ये कल का

इक तेरी ही खातिर
ये जाम है छलका

मेरी जाँ, मेरी जाँ, मेरी जाँ
मेरी जाँ, मेरी जाँ, मेरी जाँ

(संगीत)

मेरी आँखों से कम गहरा
नशा पैमानों का हो

मेरी आँखों से कम गहरा
नशा पैमानों का
इनमें ही तो डूबना चाहे
दिल मेहमानों का

तेरी खातिर है तोड़ा
ये खाब दीवानों का
हाय

मेरी जाँ, मेरी जाँ, मेरी जाँ
मेरी जाँ, मेरी जाँ, मेरी जाँ

आयी है जो रात नशीली
इसकी हर एक बात नशीली
तू भी आ कर ले नशा

दोनों की मुलाक़ात नशीली
नशे की ये बरसात नशीली
तू भी आ कर ले नशा

मेरी जाँ, मेरी जाँ, मेरी जाँ
मेरी जाँ, मेरी जाँ, मेरी जाँ हरे-, हरे राम...
हरे राम, हरे राम, हरे कृष्णा, हरे राम
हरे राम, हरे राम
हरे कृष्णा, हरे राम (let go, let go)
ਕਿੱਥੇ ਗਈ, ਹਾਏ, ਮੇਰੇ ਦਿਲ ਦੀ shawty?
Oh, my God, ਉਹ ਲਗਦੀ hottie
ਮੈਨੂੰ ਵੀ ਉਹ ਕਰ ਗਈ naughty
पर kill करना उसकी hobby
Madly searchin' for this fine shawty
In my world, the number one hottie
Everywhere she make him go crazy
पर kill करना उसकी hobby
तेरी आँखें भूल-भुलैया, बातें हैं भूल-भुलैया
तेरी आँखें भूल-भुलैया, बातें हैं भूल-भुलैया
तेरे सपनों की गलियों में
You keep drivin' me so crazy
दिल में तू रहती है, बेताबी कहती है
I keep prayin' all day
All day, all night long
हरे राम, हरे राम, हरे कृष्णा, हरे राम
(हरे राम, हरे राम, हरे) कृष्णा, हरे राम
हरे राम, हरे राम, हरे कृष्णा, हरे राम
हरे राम, हरे राम, हरे कृष्णा, हरे राम
हो, दिल, baby, दिल ये तेरा हो जाने दे ना मेरा
किंतु-परंतु में ना time गँवा
हो, रहने दे सोच बिना, पर ग़ौर मुझ पे थोड़ा कर
मारा-मारा हूँ, जब से तुझको है देखा
तू मेरी ख़ामोशी है, तू मेरी मदहोशी है
तू मेरा है अफ़साना
Makin' me so happy, shakin' my body
तू है आवारा धड़कन, तू है रातों की तड़पन
तू है मेरी दिल-जानाँ
Everything about you, baby, I like it
तेरी ज़ुल्फ़ों के नीचे है मेरे ख़्वाबों की जन्नत
तेरी बाँहों में आ के बेचैनी को मिलती राहत
My only wish is if I ever, ever could make you mine
Everyone, pray with me now, all day, all night long
हरे राम, हरे राम, हरे कृष्णा, हरे राम
हरे राम, हरे राम, हरे कृष्णा, हरे राम
हरे राम, हरे राम, हरे कृष्णा, हरे राम
हरे राम, हरे राम, हरे कृष्णा, हरे राम
Hey, baby
Watchin' you
Where she at? I'm searchin' for this fine shawty
And it ain't like I'd be gettin' naughty
I'm for real, you know, I don't play that
Cause I mean it when you hear me say that
Madly searchin' for this fine shawty
In my world, the number one hottie
Everywhere she make him go crazy
Got's to get me, yes, not a maybe"
