decade,english_lyrics
1960,"Tere mere sapne
Abb ek rang hain
Jaha bhee le jaye
Rahe ham sang hain
Hoo tere mere sapne
Abb ek rang hain
Jaha bhee le jaye
Rahe ham sang hain


Mere tere dil kaa tay
Tha ek din milana
Jaise bahar aane par
Tay hain phul kaa khilana
Mere tere dil kaa tay
Tha ek din milana
Jaise bahar aane par
Tay hain phul kaa khilana
O mere jivan sathee
Tere mere sapne
Abb ek rang hain
Jaha bhee le jaye
Rahe ham sang hain


Tere dukh abb mere
Mere sukh abb tere
Tere yeh do naina
Chand aur suraj mere
Tere dukh abb mere
Mere sukh abb tere
Tere yeh do naina
Chand aur suraj mere
O mere jivan sathee
Tere mere sapne
Abb ek rang hain
Jaha bhee le jaye
Rahe ham sang hain


Lakh mana le duniya
Sath naa yeh chhutega
Aake mere hatho me
Hath naa yeh chhutega
Lakh mana le duniya
Sath naa yeh chhutega
Aake mere hatho me
Hath naa yeh chhutega
O mere jivan sathee
Tere mere sapne
Abb ek rang hain
Jaha bhee le jaye
Rahe ham sang hain
Ho tere mere sapne
Abb ek rang hain. Aane se us ke aaye bahar
Jaane se us ke jaaye bahar
Badi mastaani hai meri mehbooba
Meri zindagani hai meri mehbooba
Aane se us ke aaye bahar
Jaane se us ke jaaye bahar
Badi mastaani hai meri mehbooba
Meri zindagani hai meri mehbooba


Gunagunaae aise jaise
Bajate ho ghugharu kahi pe
Aake parvato se jaise
Girta ho jharanaa zami pe
Jharano ki mauj hai wo
Maujo ki ravaani hai meri
Mehbooba mehbooba
Meri zindagani hai
Meri mehbooba


Ban savar ke nikale aae
Saavan kaa jab jab mahina
Har koi ye samajhe hogi
Wo koi chachal hasinaa
Puchho to kaun hai wo rut
Ye suhaani hai meri mehbooba
Meri zindagani hai
Meri mehbooba mehbooba
Badi mastaani hai meri mehbooba.
 Beqaraar karake hame yun na jaaiye
Aapako hamaari kasam laut aaiye
Beqaraar karake hame yun na jaaiye
Aapako hamaari kasam laut aaiye


Dekhiye vo kaali kaali badaliyaan
Zulf ki ghataa churaa na le kahi
Chori chori aake shokh bijaliyaan
Aapaki adaa churaa na le kahi
Yun qadam akele na aage badhaaiye
Aapako hamaari
Beqaraar karake hame yun na jaaiye
Aapako hamaari kasam laut aaiye


Dekhiye gulaab ki vo daaliyaan
Badhake chum le na aap ke qadam
Dekhiye gulaab ki vo daaliyaan
Badhake chum le na aap ke qadam
Khoe khoe bhanvare bhi hai baag me
Koi aapako banaa na le sanam
Bahaki bahaki nazaro se khud ko bachaaiye
Aapako hamaari kasam laut aaiye
Beqaraar karake hame yun na jaaiye
Aapako hamaari kasam laut aaiye


Zindagi ke raaste ajib hai
Iname is tarah chalaa na kijiye
Khair hai isi me aapaki huzur
Apanaa koi saathi dhundh lijiye
Sunake dil ki baat naa muskuraaiye
Aapako hamaari kasam laut aaiye
Beqaraar karake hame yun na jaaiye
Aapako hamaari kasam laut aaiye
Beqaraar karake hame yun na jaaiye
Aapako hamaari kasam laut aaiye. Ai meri zoharaa zabi
Tujhe maalum nahi
Tu abhi tak hai hasi
Aur mai javaan
Tujhape qurabaan meri jaan meri jaan
Ai meri zoharaa zabi
Tujhe maalum nahi
Tu abhi tak hai hasi
Aur mai javaan
Tujhape qurabaan meri jaan meri jaan


Ye shokhiyaan ye baankaapan
Jo tujh me hai kahi nahi
Ye shokhiyaan ye baankaapan
Jo tujh me hai kahi nahi
Dilo ko jitane kaa fan
Jo tujh me hai kahi nahi
Mai teri
Mai teri aankho me paa gayaa do jahaan
Mai teri
Mai teri aankho me paa gayaa do jahaan
Ai meri zoharaa zabi
Tujhe maalum nahi
Tu abhi tak hai hasi
Aur mai javaan
Tujhape qurabaan meri jaan meri jaan


Tu mithe bol jaan e man
Jo muskuraake bol de
Tu mithe bol jaan e man
Jo muskuraake bol de
To dhadakano me aaj bhi
Sharaabi rag ghol de
O sanam
O sanam mai teraa aashiq e jaabidaan
O sanam
O sanam mai teraa aashiq e jaabidaan
Ai meri zoharaa zabi
Tujhe maalum nahi
Tu abhi tak hai hasi
Aur mai javaan
Tujhape qurabaan meri jaan meri jaan
Ai meri zoharaa zabi
Tujhe maalum nahi
Tu abhi tak hai hasi
Aur mai javaan
Tujhape qurabaan meri jaan meri jaan.

 Rup teraa mastaanaa, pyaar meraa divaanaa
Rup teraa mastaanaa, pyaar meraa divaanaa
Bhul koi hamase naa ho jaaye
Rup teraa mastaanaa, pyaar meraa divaanaa
Bhul koi hamase naa ho jaaye


Raat nashili mast samaa hai
Aaj nashe me saaraa jahaan hai
Raat nashili mast samaa hai
Aaj nashe me saaraa jahaan hai
Aaye sharaabi mausam bahakaaye
Rup teraa mastaanaa, pyaar meraa divaanaa
Bhul koi hamase naa ho jaaye


Aankho se aankhe milati hai jaise
Bechain hoke tufaan me jaise
Aankho se aankhe milati hai jaise
Bechain hoke tufaan me jaise
Mauj koi saahil se takaraaye
Rup teraa mastaanaa, pyaar meraa divaanaa
Bhul koi hamase naa ho jaaye


Rok rahaa hai hamako zamaanaa
Dur hi rahanaa paas naa aanaa
Rok rahaa hai hamako zamaanaa
Dur hi rahanaa paas naa aanaa
Kaise magar koi dil ko samajhaaye
Rup teraa mastaanaa, pyaar meraa divaanaa
Bhul koi hamase naa ho jaaye. Abhi na jaao chhod kar
Ke dil abhi bhara nahi
Abhi na jaao chhod kar
Ke dil abhi bhara nahi
Abhi abhi to aai ho abhi abhi to
Abhi abhi to aai ho
Bahaar banake chhaai ho
Havaa zara mahak to le
Nazar zara bahak to le
Ye shaam dhal to le zara
Ye shaam dhal to le zara
Ye dil sambhal to le zara
Mai thodi der ji to lun
Nashe ke ghunt pi to lun
Nashe ke ghunt pi to lun
Abhi to kuchh kahaa nahi
Abhi to kuchh sunaa nahi
Abhi na jaao chhodakar
Ke dil abhi bhara nahi


Sitaare jhilamilaa uthe
Sitaare jhilamilaa uthe
Charaag jagamagaa uthe
Bas ab na mujhako tok na
Bas ab na mujhako tok na
Na badhake raah rok na
Agar mai ruk gai abhi to
Jaa na paaungi kabhi
Yahi kahoge tum sadaa
Ke dil abhi nahi bhara
Jo khatm ho kisi jagah
Ye aisaa silasilaa nahi
Abhi nahi abhi nahi
Nahi nahi nahi nahi
Abhi na jaao chhodakar
Ke dil abhi bhara nahi


Adhuri aas adhuri aas chhodake
Adhuri pyaas chhodake
Jo roz yunhi jaaogi to
Kis tarah nibhaaogi
Ki zindagi ki raah me
Jawan dilo ki chaah me
Kai muqaam aaege jo
Ham ko aazamaaege
Buraa na maano baat kaa
Ye pyaar hai gilaa nahi
Haan yahi kahoge tum
Sadaa ke dil abhi bhara nahi
Haan dil abhi bhara nahi
Nahi nahi nahi nahi. Likhe jo khat tujhe
Woh teri yaad mein
Hazaaron rang ke
Nazaare ban gaye
Likhe jo khat tujhe
Woh teri yaad mein
Hazaaron rang ke
Nazaare ban gaye


Sawera jab huya
To phool ban gaye
Jo raat aayi to
Sitaare ban gaye
Likhe jo khat tujhe


Koyi nagma kahin goonja
Kahan dil mein
Yeh tu aayi
Kahin chatki kali koyi
Main yeh samjha, tu sharmaayi
Koyi khushboo kahin bikhri
Laga yeh zulf lehraayi


Likhe jo khat tujhe
Woh teri yaad mein
Hazaaron rang ke
Nazaare ban gaye
Sawera jab huya
To phool ban gaye
Jo raat aayi to
Sitaare ban gaye
Likhe jo khat tujhe


Fiza rangeen, adaa rangeen
Yeh ithlaana, yeh sharmaana
Yeh angdhaayi, yeh tanhaayi
Yeh tarsa kar, chale jaana
Bana de ga nahi kisko
Jawaan jadoo yeh deewana


Likhe jo khat tujhe
Woh teri yaad mein
Hazaaron rang ke
Nazaare ban gaye
Sawera jab huya
To phool ban gaye
Jo raat aayi to
Sitaare ban gaye
Likhe jo khat tujhe


Jahan tu hai, wahan main hoon
Mere dil ki tu dhadhkan hai
Musafir main tu manzil hai
Main pyaasa hoon tu saawan hai
Meri duniya yeh nazre hain
Meri jannat yeh daaman hai


Likhe jo khat tujhe
Woh teri yaad mein
Hazaaron rang ke
Nazaare ban gaye
Sawera jab huya
To phool ban gaye
Jo raat aayi to
Sitaare ban gaye
Likhe jo khat tujhe. Tum agar sath dene kaa vada karo
Mai yu hee mast nagme lutata rahu
Tum mujhe dekh kar muskuratee raho
Mai tumhe dekh kar git gata rahu
Tum agar sath dene kaa vada karo
Mai yu hee mast nagme lutata rahu


Kitne jalwe fijao me bikhare magar
Maine abb tak kisee ko pukara nahee
Tumko dekha toh najrein yeh kehne lagi
Hamko chehre se hatna gavara nahee
Tum agar meree najaro ke aage raho
Mai har ek shaiy se najrein churata rahu
Tum agar sath dene kaa vada karo
Mai yu hee mast nagme lutata rahu


Maine khwabo me barso tarasha jise
Tum vahee sange marmar kee tasvir ho
Tum naa samjho tumhara mukkadar hu mai
Mai samajhta hu tum meree takdir ho
Tum agar mujhko apna samajhane lago
Me baharo kee mehfil sajata rahu
Tum agar sath dene kaa vada karo
Mai yu hee mast nagme lutata rahu


Main akela bahot der chalta raha
Ab safar jindagani ka katata nahi
Jab talak koi rangin sahara na ho
Waqt kafir jawani ka katata nahi
Tum agar humkadam banke chalti raho
Main jami par sitare bichata rahu
Tum agar sath dene kaa vada karo
Mai yu hee mast nagme lutata rahu
Tum mujhe dekh kar muskuratee raho
Mai tumhe dekh kar git gata rahu. Aapki nazro ne samjha
Pyar ke kabil mujhe
Dil ki ae dhadkan thaher
Ja mil gayi manzil mujhe
Aapki nazro ne samjha


Ji hame manzoor
Hai aapka ye faisla
Ji hame manzoor
Hai aapka ye faisla
Kah rahi hai har nazar
Banda parvar shukriya
Hanske apni zindagi me
Kar liya shamil mujhe
Dil ki ae dhadkan thaher
Ja mil gayi manzil mujhe
Aapki nazro ne samjha


Aapki manzil hun mai
Meri manzil aap hai
Aapki manzil hun mai
Meri manzil aap hai
Kyon mai toofa se
Daru mera sahil aap hai
Koi tufano se kah de
Mil gaya sahil mujhe
Dil ki ae dhadkan thaher
Ja mil gayi manzil mujhe
Aapki nazro ne samjha


Pad gai dil par mere
Aapki parchhaiya
Pad gai dil par mere
Aapki parchhaiya
Har taraf bajne lagi
Saikdo shahnaiyaa
Do jahaa ki aaj khushiyan
Ho gayi haasil mujhe
Aapki nazro ne samjha
Pyar ke kabil mujhe
Dil ki ae dhadkan thaher
Ja mil gayi manzil mujhe
Aapki nazro ne samjha. Ishaaro ishaaro mein dil lene waale
Bataa ye hunar tune sikhaa kahaa se
Nigaaho nigaaho mein jaadu chalaana
Meri jaan sikhaa hain tum ne jahaa se


Mere dil ko tum bhaa gaye
Meri kyaa thi is mein khataa
Muze jis ne tadapaa diyaa
Yahi thi wo jaalim adaa
Yahi thi wo jaalim adaa
Ye raanzaa ki baate ye majanu ke kisse
Alag to nahin hain meri daasta se
Ishaaro ishaaro mein dil lene waale
Bataa ye hunar tune sikhaa kahaa se


Wo mohabbat jo karate hain
Wo mohabbat jataate nahi
Dhadakane apni dil ki
Kabhi kisi ko sunaate nahi
Kisi ko sunaate nahi
Majaa kyaa rahaa jab
Ke khud kar diyaa ho
Mohabbat kaa ijahaar apne jubaan se
Nigaaho nigaaho mein jaadu chalaana
Meri jaan sikhaa hain tum ne jahaa se


O maanaa ke jaana-ye-jahaa
Laakhon mein tum ek ho
Humaari ki nigaahon ki bhi
Kuchh to magar daad do
Kuchh to magar daad do
Bahaaron ko bhi naaj jis ful par thaa
Wahi ful hum ne chunaa gulasitaa se
Ishaaro ishaaro mein dil lene waale
Bataa ye hunar tune sikhaa kahaa se
Nigaaho nigaaho mein jaadu chalaana
Meri jaan sikhaa hain tum ne jahaa se
Bataa ye hunar tune sikhaa kahaa se
Meri jaan sikhaa hain tum ne jahaa se
Bataa ye hunar tune sikhaa kahaa se
Meri jaan sikhaa hain tum ne jahaa se"
1970,"Main shaayar to nahin
Magar ai hanseen
Jab se dekha main ne
tujh ko mujh ko
Shaayari aa gai


Mainn aashiq to nahin
Magar ai haseen
Jab se dekhaa main ne
tujh ko mujh ko
Aashiqi aa gai


Pyaar ka naam main
ne suna tha magar
Pyaar kya hai ye mujh
ko nahin thi khabar
Main to ulajha raha
ulajhanon ki tarah
Doston men raha
dushmanon ki tarah
Main dushman to nahin
Magar ai haseen
Jab se dekhaa main ne
tujh ko mujh ko
Dosti aa gai


Sochata hun agar
main dua maangata
Haath apane uthaakar
main kya maangata
Jab se tujh se muhabbat
main karane laga
Tab se aise ibaadat
main karane laga
Main qaafir to nahin
Magar ai haseen
Jab se dekha main ne
tujh ko mujh ko
Bandagi aa gai.

 Kya khub lagtee ho, badee sundar dikhtee ho
Kya khub lagtee ho, badee sundar dikhtee ho
Phir se kaho, kehte raho, achchha lagta hai
Jivan kaa har sapna abb sachcha lagta hai
Kya khub lagtee ho, badee sundar dikhtee ho
Kya khub lagtee ho, badee sundar dikhtee ho


Tarif karoge kab tak, bolo kab tak
Mere sine me sans rahegee jab tak
Kab tak mai rahungee mann me, ha mann me
Suraj hoga jab tak nile gagan me
Phir se kaho, kehte raho, achchha lagta hai
Jivan kaa har sapna abb sachcha lagta hai
O, kya khub lagtee ho, badee sundar dikhtee ho


Tum pyar se pyaree ho, tum jan hamaree ho
Oh oh oh oh…….
Khush ho naa mujhe tum pakar, mujhe pakar
Pyase dil ko aaj mila hai sagar
Kya dil me hai aur tamanna, hai tamanna
Har jivan me tum meree hee balma
Phir se kaho, kehtee raho, achchha lagta hai
Jivan kaa har sapna abb sachcha lagta hai
O, kya khub lagtee ho, badee sundar dikhtee ho
Tum pyar se pyare ho, tum jan hamaree ho
Tum pyar se pyare ho, tum jan hamaree ho
Mm hm hm hm hm hm………..

 Yun hi tum mujhse baat karti ho
Yun hi tum mujhse baat karti ho
Yun hi tum mujhse baat karti ho
Ya koyi pyaar kaa iraada hai
Adaye dil ki janata hi nahi
Adaye dil ki janata hi nahi
Mera hamdam bhi kitna sada hai
Yun hi tum mujhse baat karti ho


Roj aati ho tum khayaalo me
Roj aati ho tum khayaalo me
Zindagi mein bhi meri aa jaao
Bit jaaye naa yeh sawaalo mein
Iss jawaani pe kuchh taras khaao
Halaye dil samajo sanam
Halaye dil samajo sanam
Kahenge munh se naa ham
Hamaari bhi koyi maryaada hai
Adaye dil ki janata hi nahi
Mera hamdam bhi kitna sada hai
Yun hi tum mujhse baat karti ho


Bholepan mein hain
Wafa ki khushboo
Bholepan mein hain
Wafa ki khushboo tujhape
Sab kuchh naa kyo lutaau main
Mera betaab dil yeh kehta hai
Tere saaye se lipat jaau mai
Mujhse mel tera
Mujhse mel tera naa ho ek khel tera
Yeh karam mujhpe kuchh jyaada hai
Yun hi tum mujhse baat karti ho
Adaye dil ki janata hi nahi
Mera hamdam bhi kitna sada hai


Ban gayi ho meri sada ke liye
Ban gayi ho meri sada ke liye
Ya mujhe yun hi tum banaati ho
Kahi baaho me naa bhar lu tum ko
Kyo mere hausale badhaati ho
Hausale aur karo
Hausale aur karo paas aate naa daro
Dil naa todenge apna waada hai
Yun hi tum mujhse baat karti ho
Adaye dil ki janata hi nahi
Mera hamdam bhi kitna sada hai
Yun hi tum mujhse baat karti ho.

 Kah doo tumhe haa
Ya chup rahunaa dil me
Mere aaj kya hai
Kya hai
Kah doo tumhe ya chup
Rahu dil me mere aaj kya hai
Jo bolo toh janu guru tumako
Manu chalo yeh bhi wada hai
Achaa..
Kah doo tumhe ya chup
Rahu dil me mere aaj kya hai
Jo bolo toh janu guru tumako
Manu chalo yeh bhi wada hai


Socha hain tumne
Ke chalate hi jaye
Taro se aage koyi
Duniya basaye thik hai…
Aaha.. To tum batao
Bataun… haa..
Socha hain ke
Tumhe rasta bhulaye
Suni jagah peh kahi
Chhede daraye
Are naa naa hay rey
Naa naa yeh naa karna
Are nahi rey nahi rey nahi
Rey nahi rey nahi rey
Nahi rey nahi rey
Nahi nahi
Kah doo tumhe ya
Chup rahu dil me
Mere aaj kya hai
Jo bolo toh janu guru
Tumako manu chalo
Yeh bhi wada hai


Socha hain tumane ke
Kuchh gungunaye
Masti me jhoome jara
Dhume machaye
Ab thik hai…
Uhun.. To tum batao
Bataun…
Haa..
Socha hain yeh ke
Tumhe najadik laye
Phulo se hothho ki lali churaye
Are naa naa hay rey naa
Naa yeh naa karna
Are nahi rey nahi rey
Nahi rey nahi rey nahi rey
Nahi rey nahi rey
Nahi nahi
Kah doo tumhe ya chup
Rahu dil me mere aaj kya hai
Jo bolo toh janu guru tumako
Manu chalo yeh bhi wada hai
Kah doo tumhe ya chup
Rahu dil me mere aaj kya hai
Jo bolo toh janu guru tumako
Manu chalo yeh bhi wada hai. Kabhi kabhi mere dil mein khayaal aata hai
Kabhi kabhi mere dil mein khayaal aata hai
Ki jaise tujhko banaya gaya hai mere liye
Ki jaise tujhko banaya gaya hai mere liye
Tu abse pehle sitaaron mein bas rahi thi kahin
Tu abse pehle sitaaron mein bas rahi thi kahin
Tujhe zameen pe bulaya gaya hai mere liye
Tujhe zameen pe bulaya gaya hai mere liye

Kabhi kabhi mere dil mein khayaal aata hai
Ki ye badan ye nigaahein meri amaanat hain
Ki ye badan ye nigaahein meri amaanat hain
Ye gesuon ki ghani chhaon hain meri khatir
Ye honth aur ye baahein meri amaanat hain
Ye honth aur ye baahein meri amaanat hain

Kabhi kabhi mere dil mein khayaal aata hai
Ki jaise bajti hain shehnaaiyaan si raahon mein
Ki jaise bajti hain shehnaaiyaan si raahon mein
Suhaag raat hain ghoonghat utha raha hoon main
Suhaag raat hain ghoonghat utha raha hoon main
Simat rahi hai tu sharma ke apni baahon mein
Simat rahi hai tu sharma ke apni baahon mein

Kabhi kabhi mere dil mein khayaal aata hai
Ki jaise tu mujhe chaahegi umr bhar yoohin
Uthegi meri taraf pyaar ki nazar yoohin
Main jaanta hoon ki tu geir hai magar yoohin
Main jaanta hoon ki tu geir hai magar yoohin

Kabhi kabhi mere dil mein khayaal aata hai
Kabhi kabhi mere dil mein khayaal aata hai Kahin door jab din dhal jaye
Sanjh ki dulhan badan churaye
Chupke se aaye mere
Khayaalon ke aangan mein
Koi sapnon ke deep
Jalaaye deep jalaaye
Kahin door jab din dhal jaye
Sanjh ki dulhan badan
Churaye chupke se aaye


Kabhi yun hi jab
Hui bojhal saansen
Bhar aai baithe baithe
Jab yun hi aankhen
Kabhi machal ke
Pyar se chal ke
Chhuye koi mujhe
Par nazar na aaye
Kahin door jab din dhal jaye
Sanjh ki dulhan badan
Churaye chupke se aaye


Kahin to yeh dil
Kabhi mil nahin paate
Kahin pe nikal
Aaye janmon ke naate
Thami thi uljhan
Bairi apna man
Apna hi hoke
Sahe dard paraaye
Kahin door jab
Din dhal jaye
Sanjh ki dulhan
Badan churaye
Chupke se aaye. Hoo ooh ooh ooh ooh oh
Mehbuba ae mehbuba
Ooh mehbuba ae mehbuba
Mehbuba ae mehbuba
Hoo hoo hoo
Gulshan me gul khilte hain
Jab sehra me milte hain
Gulshan me gul khilte hain
Jab sehra me milte hain
Mai aur too
Mehbuba ae mehbuba
Mehbuba ae mehbuba
Hoo hoo hoo
Gulshan me gul khilte hain
Jab sehra me milte hain
Gulshan me gul khilte hain
Jab sehra me milte hain
Mai aur too


Phul baharo se nikala
Chand sitaro se nikala
Phul baharo se nikala
Chand sitaro se nikala
Din duba ooh
Mehbuba ae mehbuba
Mehbuba ae mehbuba
Hoo hoo hoo
Gulshan me gul khilte hain
Jab sehra me milte hain
Gulshan me gul khilte hain
Jab sehra me milte hain
Mai aur too


Husnu ishk kee raaho
Me baaho me nigahon me
Husnu ishk kee raaho
Me baaho me nigahon me
Dil duba ooh
Mehbuba ae mehbuba
Mehbuba ae mehbuba
Hoo hoo hoo
Gulshan me gul khilte hain
Jab sehra me milte hain
Gulshan me gul khilte hain
Jab sehra me milte hain
Mai aur too
Mehbuba ae mehbuba
Mehbuba ae mehbuba
Mehbuba ae mehbuba
Mehbuba ae mehbuba
Ooh ooh ooh ooh.

 Jindgi kaisi hai paheli haye
Kabhi toh hasaye kabhi yeh rulaye
Jindgi kaisi hai paheli haye
Kabhi toh hasaye kabhi yeh rulaye


Kabhi dekho mann nahi jage
Pichhe pichhe sapno ke bhage
Kabhi dekho mann nahi jage
Pichhe pichhe sapno ke bhage
Ek din sapno kaa rahi chala
Jayey sapno ke aage kaha
Jindgi kaisi hai paheli haye
Kabhi toh hasaye kabhi yeh rulaye


Jinhone sajaye yaha mele
Sukh dukh sang sang jhele
Jinhone sajaye yaha mele
Sukh dukh sang sang jhele
Wahi chunkar khamoshi
Yu chali jayey akele kaha
Jindgi kaisi hai paheli haye
Kabhi toh hasaye kabhi yeh rulaye.

 Mai pal do pal kaa shaayar hun
Pal do pal meri kahaani hai
Pal do pal meri hasti hai
Pal do pal meri javaani hai
Mai pal do pal kaa shaayar hun
Pal do pal meri kahaani hai
Pal do pal meri hasti hai
Pal do pal meri javaani hai
Mai pal do pal kaa shaayar hun


Mujhase pahale kitane shaayar
Aae aur aakar chale gae
Kuchh aahe bhar kar laut gae
Kuchh nagame gaakar chale gae
Vo bhi ek pal kaa kissaa thaa
Mai bhi ek pal kaa kissaa hun
Kal tumase judaa ho jaaungaa
Vo aaj tumhaaraa hissaa hun
Mai pal do pal kaa shaayar hun
Pal do pal meri kahaani hai
Pal do pal meri hasti hai
Pal do pal meri javaani hai
Mai pal do pal kaa shaayar hun


Kal aur aaege nagamo ki
Khilati kaliyaan chunane vaale
Mujhase behatar kahane vaale
Tumase behatar sunane vaale
Kal koi mujhako yaad kare
Kyun koi mujhako yaad kare
Masaruf zamaanaa mere liye
Kyun vaqt apanaa barabaad kare
Mai pal do pal kaa shaayar hun
Pal do pal meri kahaani hai
Pal do pal meri hasti hai
Pal do pal meri javaani hai
Mai pal do pal kaa shaayar hun
Pal do pal meri kahaani hai
Pal do pal meri hasti hai
Pal do pal meri javaani hai
Mai pal do pal kaa shaayar hun.

 Kabhi kabhi mere dil
Mein khayaal aata hai
Kabhi kabhi mere dil
Mein khayaal aata hai
Ki jaise tujhko banaya
Gaya hai mere liye
Ki jaise tujhko banaya
Gaya hai mere liye
Tu abse pehle sitaaron
Mein bas rahi thi kahin
Tu abse pehle sitaaron
Mein bas rahi thi kahin
Tujhe zameen pe
Bulaya gaya hai mere liye
Tujhe zameen pe
Bulaya gaya hai mere liye


Kabhi kabhi mere dil
Mein khayaal aata hai
Ki ye badan ye nigaahein
Meri amaanat hain
Ki ye badan ye nigaahein
Meri amaanat hain
Ye gesuon ki ghani
Chhaon hain meri khatir
Ye honth aur ye baahein
Meri amaanat hain
Ye honth aur ye baahein
Meri amaanat hain


Kabhi kabhi mere dil
Mein khayaal aata hai
Ki jaise bajti hain
Shehnaaiyaan si raahon mein
Ki jaise bajti hain
Shehnaaiyaan si raahon mein
Suhaag raat hain ghunghat
Utha raha hun main
Suhaag raat hain ghunghat
Utha raha hun main
Simat rahi hai tu sharma
Ke apni baahon mein
Simat rahi hai tu sharma
Ke apni baahon mein


Kabhi kabhi mere dil
Mein khayaal aata hai
Ki jaise tu mujhe
Chaahegi umr bhar yuhin
Uthegi meri taraf
Pyaar ki nazar yuhin
Main jaanta hun ki
Tu geir hai magar yuhin
Main jaanta hun ki tu
Geir hai magar yuhin


Kabhi kabhi mere dil
Mein khayaal aata hai
Kabhi kabhi mere dil
Mein khayaal aata hai."
1980,"Jaanu meri jaan
Main tere qurbaan
Jaanu meri jaan
Main tere qurbaan
Are main teraa tu meri
Jaane sara hindustaan
Main teraa tu meri
Jaane sara hindustaan
Jaanu meri jaan
Main tere qurbaan
Jaanu meri jaan
Main tere qurbaan
Are main teraa tu meri
Jaane sara hindustaan
Main teraa tu meri
Jaane sara hindustaan


Gusse se hai pyaar
Badaa pyaar se aitabaar
Jab aa jaae aa jaanaa
Main karungaa intazaar
Gusse se hai pyaar
Badaa pyaar se aitabaar
Jab aa jaae aa jaanaa
Main karungaa intazaar
Are jaanu meri jaan
Main tere qurbaan
Jaanu meri jaan
Main tere qurbaan
Are main teraa tu meri
Jaane sara hindustaan
Main teraa tu meri
Jaane sara hindustaan


Nazaron se na tol
Mujhe dil se kaam le
Tu jisakaa vo tere bin
Kyun kisi ka naam le
Nazaron se na tol
Mujhe dil se kaam le
Tu jisakaa vo tere bin
Kyun kisi ka naam le
Jaanu meri jaan
Main tere qurbaan
O jaanu meri jaan
Main tere qurbaan
Are main teraa tu meri
Jaane sara hindustaan
Main teraa tu meri
Jaane sara hindustaan


Chhoti si ik baat bane
Baat se daastaan
Bul ke sab baato hansate
Hain vohi pyaar ki shaan
Chhoti si ik baat bane
Baat se daastaan
Bhul ke sab baato hansate
Hain vohi pyaar ki shaan
Jaanu meri jaan


Jaanu meri jaan
Main tere qurbaan
Main teri tu meraa
Jaane sara hindustaan
Jaanu meri jaan
Main tere qurbaan
Main teri tu meraa
Jaane sara hindustaan.

 Ae mere humsafar ek zara intezaar
Sun sadaayein de rahi hain manzil yaar ki
Ae mere humsafar ek zara intezaar
Sun sadaayein de rahi hain manzil yaar ki


Ab hai judaai ka mausam
Do pal ka mehmaan
Kaise naa jaayega ndhera
Kyoon naa thamega toofan
Ab hai judaai ka mausam
Do pal ka mehmaan
Kaise naa jaayega andhera
Kyoon naa thamega toofan
Kaise naa milegi manzil pyaar ki
Ae mere humsafar ek zara intezaar
Sun sadaayein de
Rahi hain manzil pyaar ki


Pyaar ne jahan pe rakha hai
Jhoomke kadam ek baar
Vahin se khula hai koi rasta
Vahin se giri hai deewaar
Pyaar ne jahan pe rakha hai
Jhoom ke kadam ek baar
Vahin se khula hai koi rasta
Vahin se giri hai deewaar
Roke kab ruki hai manzil pyaar ki
Ae mere humsafar ek zara intezaar
Sun sadaayein de rahi hai manzil pyaar ki
Ae mere humsafar ek zara intezaar
Sun sadaayein de
Rahi hai manzil pyaar ki.


 Dekha ek khwaab to yeh silsile hue
Door tak nigahon mein hain gul khile hue
Dekha ek khwaab to yeh silsile hue
Door tak nigahon mein hain gul khile hue


Yeh gila hai aapki nigahon se
Phool bhi ho darmiyaan to faasle hue
Dekha ek khwaab to yeh silsile hue
Door tak nigahon mein hain gul khile hue


Meri saanson mein basi khushboo teri
Yeh tere pyaar ki hai jadugari
Teri aawaz hai havaaon mein
Pyar ka rang hai phizaaon
Dhadkanon mein tere geet hain mile hue
Kya kahun ke sharm se hain lub sile hue
Dekha ek khwaab to yeh silsile hue
Phool bhi ho darmiyaan to faasle hue


Mera dil hai teri panaahon
Aa chhupa loon tujhe maein baahon mein
Teri tasveer hai nigaahon mein
Door tak roshni hai raahon mein
Kal agar na roshni ke kaafile hue
Pyar ke hazaar deep hain jale hue
Dekha ek khwaab to yeh silsile hue
Door tak nigahon mein hain gul khile hue
Yeh gila hai aapki nigahon se
Phool bhi ho darmiyaan to faasle hue
Dekha ek khwaab to yeh silsile hue
Door tak nigahon mein hain gul khile hue.


 Main duniya bhula doonga,
Teri chahat mein
Main duniya bhula doonga,
Teri chahat mein
O dushman zamaane,
Mujhe na bhulaanaa
Main khud ko mitaa doonga
Teri chahat mein


Main duniyaa bhulaa doongi,
Teri chahat mein
Main duniyaa bhulaa doongi,
Teri chahat mein
Teraa saath chhutaa,
Ye vaadaa jo tutaa
Main khud ko mitaa doongi,
Teri chahat mein
Main duniya bhula doonga,
Teri chahat mein


Meri saase, teri khushboo
Mere dil mein, teri dhadakan
Meri mahafil, teri baate
Meri aankhe, tere darapan
Bin tere kuchh bhi nahi main
Bin tere kuchh bhi nahi main
Main nhar gham uthanlugi
Teri chahat mein
Teraa saath chhutaa,
Ye vaadaa jo tutaa
Main khud ko mitaa doongi,
Teri chahat mein


Main duniya bhula doonga,
Teri chahat mein
Sine se, lag jaa tu,
Main hoon teraa, deewana
Mujhe tujhase, milane se,
Rokegaa, kyaa zamaanaa
Chodoonga na saath teraa
Chodoonga na saath teraa
Main saba kuchh lutaa doonga,
Teri chahat mein
O dushman zamaane,
Mujhe na bhulaanaa
Main khud ko mitaa doongi,
Teri chahat mein


Main duniyaa bhulaa doongi,
Teri chahat mein
Teraa saath chhutaa,
Ye vaadaa jo tutaa
Main khud ko mitaa doongi,
Teri chahat mein


Main duniya bhula doonga,
Teri chahat mein
Teri chahat mein
Haan..teri chahat mein.


 Neele neele ambar par,
Chand jab aaye,
Pyar barsaye humko tarsaye,


Aisa koi saathi ho,
Aisa koi premi ho,
Pyas dil ki bhuja jaye,


Neele neele ambar par,
Chand jab aaye,
Pyar barsaye humko tarsaye,


Ho unche unche parwat,
Jab choomte hain ambar ko,
Pyasa pyasa ambar,
Jab choomta hai sagar ko,


Ho unche unche parwat,
Jab choomte hain ambar ko,
Pyasa pyasa ambar,
Jab choomta hai sagar ko,


Pyar se kasne ko,
Bahon mein basne ko,
Dil mera lalchaye,
Koi toh aa jaye,


Aisa koyi saathi ho,
Aisa koyi premi ho,
Pyas dil ki bhuja jaye,


Neele neele ambar par,
Chand jab aaye,
Pyar barsaye humko tarsaye,


Hey cham cham karta sawan,
Boondon ke baan chalaye,
Satrangi barsaaton mein jab,
Tan mann bheega jaye,


Hey cham cham karta sawan,
Boondon ke baan chalaye,
Satrangi barsaaton mein jab,
Tan mann bheega jaye,


Pyar mein nahane ko,
Doob hi jaane ko,
Dil mera tadpaye,
Khaab jaga jaye,


Aisa koi saathi ho,
Aisa koi premi ho,
Pyas dil ki bhuja jaye,


Neele neele ambar par,
Chand jab aaye,
Pyar barsaye humko tarsaye,

 Tum ko dekha to ye khayal aaya
Zindagi dhup tum ghana saya
Tum ko dekha to ye khayal aaya
Tum ko dekha to ye khayal aaya
Zindagi dhup tum ghana saya
Tum ko dekha to ye khayal aaya


Aaj phir dilane ek tamannaa ki
Aaj phir dilane ek tamannaa ki
Aaj phir dilako hamane samjhaya
Aaj phir dilako hamane samjhaya
Zindagi dhup tum ghana saya
Tum ko dekha to ye khayal aaya


Tum chale jaaoge to sochege
Tum chale jaaoge to sochege
Hamane kya khoya hamane kya paya
Hamane kya khoya hamane kya paya
Zindagi dhup tum ghana saya
Tum ko dekha to ye khayal aaya


Ham jise gunagunaa nahi sakate
Ham jise gunagunaa nahi sakate
Vaqt ne aisaa git kyun gaaya
Vaqt ne aisaa git kyun gaaya
Zindagi dhup tum ghana saya
Tum ko dekha to ye khayal aaya
Tum ko dekha to ye khayal aaya. Tujhse naaraz nahiin zindagi
Hairaan hoon main
O hairaan huun main
Tere masum sawaalon se
Pareshaan hoon main
O pareshaan hoon main
Tujhse naaraz nahiin zindagi
Hairaan hoon main
O hairaan huun main
Tere masum sawaalon se
pareshaan hoon main
O pareshaan hoon main


Jeene ke liye sochaa hi nahi
Dard sambhaalane honge
Jeene ke liye sochaa hi nahi
Dard sambhalane honge
Muskuraaye to muskuraane ke
Karz utarne honge
Ho muskurauun kabhii to lagataa hai
Jaise honthon pe karz rakha hai
Tujhse naaraaz nahiin zindagi
Hairaan hoon main
O hairaan huun main


Zindagi tere gam ne hamein
Rishte naye samajhaye
Zindagi tere gam ne hamein
Rishte naye samajhaaye
Mile jo hamein dhoop mein mile
Chaanv ke thande saaye
Ho tujhse naaraaz nahin zindagi
Hairaan hoon main
O hairaan huun main


Aaj agar bhar aai hain
Boondein baras jaayengi
Aaj agar bhar aai hain
Boondein baras jaayengi
Kal kyaa pataa inke liye
Aankhein taras jaayengi
Ho jaane kab gum hoya kaha khoyaa
Ek ansuun chhupaake rakhaa thaa
Ho tujhse naaraaz nahin zindagi
Hairaan hoon main
O hairaan huun main
Tere masum sawaalon se
Pareshaan hoon main
O pareshaan hoon main
O pareshaan hoon main
O pareshaan hoon main.


 Jaanam jaanejaan
Jaanam jaanejahaan
Jaanejigar jaaneman
Mujhako hai teri qasam
Tu jo mujhe na mila
Mar jaauungi main sanam
Jaanejigar jaaneman
Mujhako hai teri qasam
Tu jo mujhe na mili
Mar jaauungi main sanam


O rokegaa ham ko
Ab kyaa zamaanaa
Mar ke hamen hai
Vaadaa nibhaanaa
Jaanejigar jaaneman
Mujhako hai teri qasam
Tu jo mujhe na mila
Mar jaauungii main sanam


Main phulon se kalion se
Taron se teri maang bhar dungaa
Main phulon se kalion se
Taron se teri maang bhar dungaa
Main saanso ki mahaki
Baharo ko tere naam kar dungaa
Main pyaar tujhase karati hoon
Din raat aahe bharati hoon
Aahe bharati hoon aahe bharati hoon


Jaanejigar jaaneman
Mujhako hai teri qasam
Tu jo mujhe na mila
Mar jaauungi main sanam
Jaanejigar jaaneman
Mujhako hai teri qasam
Tu jo mujhe na mili
Mar jaauungi main sanam


Bin tere guzarate hain kaise
Mere din raat na puchho
Bin tere guzarate hain kaise
Mere din raat na puchho
Jo dil men chhupe hain mere
Hamnashin vo baat na puuchho
Do dil jab dhadakate hain
Aise hi tadapate hain
Tadapate hain tadapate hain


Jaanejigar jaaneman
Mujhako hai teri qasam
Tu jo mujhe na mila
Mar jaauungi main sanam


O rokegaa ham ko,
Ab kyaa zamaanaa
Mar ke hame hai
Vaadaa nibhana
Jaanejigar jaaneman
Mujhako hai teri qasam
Tu jo mujhe na mila
Mar jaauungi main sanam


Jaanam jaanejaan jaanam jaanejahaan
Jaanam jaanejaan jaanam jaanejahaan.

 Mujhe tumase hain kitane gile
Haa haa haa haa
Tum kitane din baad mile
Kyon kyon kyon
Mujhe tumase hain kitane gilehaa
Tum kitane din baad mile
Bolo itane din kya kiya kya kiya
Tera naam liya ho tujhe yaad kiya ho
Tera naam liya tujhe yaad kiya
Tujhe yaad kiya tera naam liya
Mujhe tumase hain kitane gilehaa
Tum kitane din baad mile
Bolo itane din kya kiya kya kiya
Tera naam liya tujhe yaad kiya
Tujhe yaad kiya tera naam liya


Apani mummy se meri baat ki
Nahi nahi nahi
Mere daddy se mulaaqaat ki
Nahi nahi nahi
Haan hera pheri mere saath ki no, never
Phir aur bhala kya kiya
Tera naam liya ho tujhe yaad kiya ho
Tera naam liya tujhe yaad kiya
Tera naam liya tujhe yaad kiya


Picture ke ticket mangavaaye
Nahi nahi nahi
Koi achchhi khabar tum laaye
Nahi nahi nahi
Kis kaam mere tum aaye
Kya pyaar mein tumane kiya
Tera naam liya ho tujhe yaad kiya ho
Tera naam liya tujhe yaad kiya
Tujhe yaad kiya tera naam liya


Tuune meri kadar kuch jaani haan
Kabhi di koi prem nishaani hoon
Koi baat kabhi meri maani
Kaisa pyaar ye tumane kiya kyon kiya
Tera naam liya ho tujhe yaad kiya ho
Tera naam liya tujhe yaad kiya
Tujhe yaad kiya tera naam liya


Kab banoongi main shahazaadi abhi
Kab milegi hamein aazaadi abhi
Khabhi hogi hamaari saadi
Abhi yaheen chalo haay raam
Ab dil kyon thaam
Ab dil kyon thaam liya raam raam
Tera naam liya ho tujhe yaad kiya ho
Tera naam liya ho tujhe yaad kiya ho
Tujhe yaad kiya tera naam liya
Tera naam liya ho tujhe yaad kiya ho
Tera naam liya ho tujhe yaad kiya ho
Tujhe yaad kiya tera naam liya.



 Dheere dheere se meri zindagi mein aanaa
Dheere dheere se dil ko churaanaa
Tumase pyaar hame hai kitanaa jaanejaanaa
Tumase milakar tumako hai bataanaa


Dheere dheere se meri zindagi mein aanaa
Dheere dheere se dil ko churaanaa
Tumase pyaar hame hai kitanaa jaanejaanaa
Tumase milakar tumako hai bataanaa


Jab se tujhe dekhaa dil ko kahi aaraam nahi
Mere hotho pe ek tere sivaa koi naam nahi
Apanaa bhi haal tumhaare jaisaa hai saajan
Bas yaad tujhe karate hai aur koi kaam nahi
Ban gayaa hun main teraa deewana
Dheere dheere se dil ko churaanaa


Dheere dheere se meri zindagi mein aanaa
Dheere dheere se dil ko churaanaa


Tune bhi aksar mujhako jagaayaa raato mein
Aur need churaai mithi mithi baato mein
Tune bhi beshak mujhako kitanaa tadapaayaa
Phir bhi teri har ek adaa par pyaar aayaa
Aajaa aajaa ab kaisaa sharamana
Dheere dheere se dil ko churaanaa


Dheere dheere se meri zindagi mein aanaa
Dheere dheere se dil ko churaanaa
Tumase pyaar hame hai kitanaa jaanejaanaa
Tumase milakar tumako hai bataanaa
Dheere dheere se meri zindagi mein aanaa
Dheere dheere se dil ko churaanaa."
1990,"Chaahe tum kuch na kaho,
Maine sun liya…ke saathi pyaar ka…
Mujhe chun liya….
Chun liyaaaa..maine sun liyaa


Pehla nasha…pehla hummar
Naya pyaar hai…naya intezaar
Karloo mein kya apna haal…
Mere dile bekaraar…tu hi bata..
Pehla nasha..pehla hummar


Udthaa hi phirum in hawaom mein kahi
Yaa mein jhool jaavu in ghattavom mein kahi….
Udthaa hi phirum in hawaom mein kahi
Yaa mein jhool jaavu in ghattavom mein kahi….
Ek kar doo aasman aur zameen…
Kaho yaaron kya karu kya nahi..


Pehla nasha…pehla hummar
Naya pyaar hai…naya intezaar
Karloo mein kya apna haal…
Mere dile bekaraar…tu hi bata..
Pehla nasha..pehla hummar


Usne baath ki kuch aise dang se
Sapne de gaya hazaaron rang ke
Usne baath ki kuch aise dang se
Sapne de gaya hazaaron rang ke
Rah jaau jaise mein haar ke..
Aur choome vo mujhe pyaar se


Pehla nasha…pehla hummar
Naya pyaar hai…naya intezaar
Karloo mein kya apna haal…
Mere dile bekaraar…tu hi bata.


 Yeh hasin vaadiya
Yeh khula aasmaan
Aa gaye ham kaha
Ay mere sajana
Inn bahaaro mein
Dil ki kali khil gayi
Mujhako tum jo mile
Har khushi mil gayi
Tere hontho pe hain
Husn ki bijliya
Tere gaalo pe hain
Zulf ki badaliya
Tere baalo ki khushaboo
Se mehke chaman
Sangmarmar ke jaisa
Yeh teraa badan
Meri jaanejaan main
Teri chaandani
Chhed do tum aaj
Koyi pyaar ki raagini
Yeh hasin vaadiya
Yeh khula aasmaan
Aa gaye ham kahan
Ay mere sajana


Yeh bandhan hai pyaar kaa
Dekho tute na sajani
Yeh janmo kaa saath hai
Dekho chhute na sajana
Tere aanchal ki chhaanv ke
Tale meri manjil mujhe mil gayi
Teri palakho ki chaanv ke
Tale mohabbat mujhe mil gayi
Yeh hasin vaadiya yeh khula aasmaan
Aa gaye ham kahaan ay mere sajana
Inn bahaaro me dil ki kali khil gayi
Mujhako tum jo mile har khushi mil gayi
Yeh hasin vaadiya yeh khula aasmaan
Aa gaye ham kahaan ay mere sajana


Ji karta hai sajana dil
Mein tumko bitha loon
Aa masti ki raat mein
Apna tumko bana loon
Uthane lage hain tufaan kya
Mere sine mein ay sanam
Tumhe chaahunga dilo jaan se
Meri jaanejan teri kasam
Yeh hasin vaadiya yeh khula aasmaan
Aa gaye ham kahan ay mere sajana
In bahaaro mein dil ki kali khil gayi
Mujhako tum jo mile har khushi mil gayi
Meri jaanejaan mai teri chaandani
Chhed do tum aaj koyi pyaar ki raagini
Yeh hasin vaadiya yeh khula aasmaan
Aa gaye ham kahaan ay mere sajana
Yeh hasin vaadiya yeh khula aasmaan
Aa gaye ham kahaan ay mere sajana.

 Bejaan dil ko..bejaan dil ko
Bejaan dil ko tere ishq ne zinda kiya
Phir tere ishq ne hi is dil ko tabah kiya


Tadap tadapke is dil se
Aah nikalti rahi
Mujhko saza di pyaar ki
Aisa kya gunaah kiya
To loot gaye haan loot gaye
To loot gaye hum teri mohabbat mein


Tadap tadapke is dil se
Aah nikalti rahi
Mujhko saza di pyaar ki
Aisa kya gunaah kiya
To loot gaye haan loot gaye
To loot gaye hum teri mohabbat mein


Tadap tadapke is dil se
Aah nikalti rahi
Mujhko saza di pyaar ki
Aisa kya gunaah kiya
To loot gaye haan loot gaye
To loot gaye hum teri mohabbat mein


Ajab hai ishq yaara
Pal do pal ki khushiyaan
Gam ke khazaane milte hain phir
Milti hai tanhaiyaan
Kabhi aansoon kabhi aahein
Kabhi shikve kabhi naalein
Tera chehra nazar aaye
Tera chehra nazar aaye
Mujhe din ke ujaalon mein
Teri yaadein tadpayein
Teri yaadein tadpayein
Raaton ke andheron mein
Tera chehra nazar aaye
Machal machalke is dil se
Aah nikalti rahi
Mujhko saza di pyaar ki
Aisa kya gunaah kiya
To loot gaye haan loot gaye
To loot gaye hum teri mohabbat mein


Agar mile khuda to
Poochhoonga khudaya
Jism mujhe deke mitti ka
Sheeshay sa dil kyon banaya
Aur us pe diya fitrat
Ke woh karta hai mohabbat
Waah re waah teri kudrat
Waah re waah teri kudrat
Us pe de diya kismat
Kabhi hai milan kabhi furqat
Kabhi hai milan kabhi furqat hai
Yehi kya wo mohabbat
Waah re waah teri kudrat
Sisak sisakke is dil se
Aah nikalti rahi
Mujhko saza di pyaar ki
Aisa kya gunaah kiya
To loot gaye haan loot gaye
To loot gaye hum teri mohabbat mein


Tadap tadapke is dil se
Aah nikalti rahi
Mujhko saza di pyaar ki
Aisa kya gunaah kiya
To loot gaye haan loot gaye
To loot gaye hum teri mohabbat mein. Ladaki badi anjani hai
Sapna hai sach hai kahani hai
Dekho yeh pagali bilkul na badli
Yeh toh vohi deewani hai
Ladka bada anjana hai
Sapna hai sach hai fasana hai
Hay hay yeh pagla bilkul na badla
Yeh toh vohi deewana hai


Pas rehke bhi thi doori
Jane kaise thi majburi
Vakt woh bhi ajib tha
Jab tu mere karib tha
Kho gayi tu yeh kis jahan mein
Main waha hoon dekh toh jara


Ladka bada anjana hai
Sapna hai sach hai fasana hai
Dekho yeh pagali bilkul na badali
Yeh toh wohi deewani hai


Hum bheed mein bhi thi tanhayi
Yad har pal teri aayi
Roke koyi mujhe jara
Bhar na aaye yeh dil meraa
Behke behke mere kadam hain
Aise mein tu sambhal toh jara
Ladaki badi anjani hai
Sapna hai sach hai kahani hai
Haan haan yeh pagla bilkul na badla
Yeh toh wohi deewana hai


Tumne na jane kya sapne dikhaye
Jage na sota hai
Kuchh kuchh hota hai
Kuchh kuchh hota hai
Kuchh kuchh hota hai
Kuchh kuchh hota hai.

 Koi mil gaya…
Koi mil gaya…
Koi mil gaya…


Mujhko kya hua hai,
Kyoon main kho gaya hoon
Pagal tha main pehle,
Ya ab ho gaya hoon
Behki hain nigahein,
Aur bikhare hain baal
Tumne banaya hai kya,
Apna yeh haal
Koi mil gaya..koi mil gaya
Mera dil gaya..mera dil gaya
Kya bataoon yaaron.
Kya bataoon yaaron,
Main to hil gaya
Main to hil gaya
Koi mil gaya, mil hi gaya mil gaya
Aey, mil hi gaya mil gaya


Mujhko kya hua hai, are,
Are kyoon main kho gaya hoon
Aey, pagal tha main pehle,
Ya ab ho gaya hoon
Behki hain nigahein
Aur bikhare hain baal
Tumne banaya hai,
Kya apna ye haal
Koi mil gaya..koi mil gaya..
Mera dil gaya..mera dil gaya
Kya bataoon yaaron
Kya bataoon yaaron
O, main to hil gaya
Main to hil gaya
Koi mil gaya, mil hi gaya mil gaya
Are, mil hi gaya mil gaya…


Jane kya ho gaya hai mujhe,
Deewana log kehne lage…
Ye deewanegi hai kya,
Humein bhi to ho pata
Tumko kya ho gaya
Are, kal tak mujhko sab hosh tha
Dil mein khushiyoon ka josh tha
Phir ye baichainey hai kyoon,
Phir ye betaabi hai kyoon
Kya koi kho gaya
Koi mil gaya koi mil gaya
O, mera dil gaya mera dil gaya
Kya bataoon yaaron
Kya bataoon yaaron,
O, main to hil gaya
Main to hil gaya
Koi mil gaya, mil hi gaya mil gaya
Aey, mil hi gaya mil gaya


Badal ban kar kaun aa gaya
Kaun hai jo dil pe yoon chaa gaya
Chahoon ke bataoon main,
Phir bhi keh na paoon main
Naam uska hai kya…


O, naam na lo par kuch to kaho
Halka sa koi ek ishara to do
Meri aankhon mein hai woh,
Meri sanson mein hai woh
Aur kahoon tumse kya…


Koi mil gaya koi mil gaya
Mera dil gaya
O, mera dil gaya
Kya bataoon yaaron,
Kya bataoon yaaron
Main to hil gaya
Main to hil gaya
Koi mil gaya
Mil hi gaya mil gaya
Aey, mil hi gaya mil gaya


Mujhko kya hua hai,
Kyoon main kho gaya hoon
Pagal tha main pehle,
Ya ab ho gaya hoon
Behki hain nigahein
Aur bikhare hain baal
Banaya hai, kya apna ye haal
O, koi mil gaya
Koi mil gaya
Are, mera dil gaya
Mera dil gaya
Kya bataoon yaaron
Kya bataoon yaaron,
O, main to hil gaya
Main to hil gaya
Koi mil gaya, mil hi gaya
Mil gaya mil hi gaya mil gaya
Mil hi gaya mil gaya
O, mil hi gaya mil gaya… Dil ye bechain ve, raste pe nain ve
Dil ye bechain ve, raste pe nain ve
Zindari behaal hai, sur hai na taal hai
Aajaa saanvariyaa, aa, aa, aa, aa
Taal se taal milaa, ho taal se taal milaa


Saavan ne aaj to mujh ko bhigo diyaa
Haay meri laaj ne, mujh ko dubo diyaa
Saavan ne aaj to mujh ko bhigo diyaa
Haay meri laaj ne, mujh ko dubo diyaa
Aisi lagi chadhi sochun mai ye khadi
Kuchh main ne kho diyaa,
Kyaa main ne kho diyaa
Chup kyo hai bol tu, sag mere dol tu
Meri chaal se chaal milaa,
Taal se taal milaa
O, taal se taal milaa


Maanaa ajaan hai tu mere vaaste
Maanaa ajaan hun main tere vaaste
Maanaa ajaan hai tu mere vaaste
Maanaa ajaan hun main tere vaaste
Mai tujh ko jaan lun, tu mujh ko jaan le
Aa dil ke paas aa, is dil ke raaste
Jo teraa haal hai, vo meraa haal hai
Is haal se haal milaa,
O taal se taal milaa
O, taal se taal milaa


Dil ye bechain ve, raste pe nain ve
Jindari behaal hai, soor hai na taal hai
Aajaa saanvariyaa, aa, aa, aa
Taal se taal milaa, ho taal se taal milaa
Taal se taal milaa, ho taal se taal milaa
Taal se taal milaa, ho taal se taal milaa. Jinke sar ho ishq ki chaaon
Paanv ke neeche jannat hogi
Jinke sar ho ishq ki chaaon
Chal chaiyya chaiyya chaiyya chaiyya
Chal chaiyya chaiyya chaiyya chaiyya
Chal chaiyya chaiyya chaiyya chaiyya
Chal chaiyya chaiyya chaiyya chaiyya
Saare ishq ki chaaon chal chaiyya chaiyya
Saare ishq ki chaaon chal chaiyya chaiyya
Paanv janat chale chal chaiya chaiya
Paanv janat chale chal chaiya chaiya
Chal chaiyya chaiyya chaiyya chaiyya
Chal chaiyya chaiyya chaiyya chaiyya
Chal chaiyya chaiyya chaiyya chaiyya
Chal chaiyya chaiyya chaiyya chaiyya


Woh yaar hai jo khusbhu ki tarah
Jiski zubaan urdu ki tarah
Meri shamo-raat meri kaynaat
Woh yaar mera saiyyan saiyyan
Chal chaiyya chaiyya chaiyya chaiyya
Chal chaiyya chaiyya chaiyya chaiyya
Chal chaiyya chaiyya chaiyya chaiyya
Chal chaiyya chaiyya chaiyya chaiyya


Gulposh kabhi itraye kahin,
Mehke to nazar aa jaye kahin
Gulposh kabhi itraye kahin,
Mehke to nazar aa jaye kahin
Taabeez banaa ke pahnoo
Use aayat ki tarah mil jaaye kahin
Taabeez banaa ke pahnoo
Use aayat ki tarah mil jaaye kahin
Gulposh kabhi itraye kahin,
Mehke to nazar aa jaye kahin
Mera nagma wahi mera kalma wahi
Mera nagma wahi mera kalma wahi
Yaar misaale os chale
Panv ke tale firdaus chale
Kabhi daal daal kabhi paat paat main
Hawa pe dhoondho uske nishaan
Saare ishq ki chaaon chal chaiyya chaiyya
Saare ishq ki chaaon chal chaiyya chaiyya
Paanv janat chale chal chaiya chaiya
Paanv janat chale chal chaiya chaiya
Chal chaiyya chaiyya chaiyya chaiyya
Chal chaiyya chaiyya chaiyya chaiyya
Chal chaiyya chaiyya chaiyya chaiyya
Chal chaiyya chaiyya chaiyya chaiyya


Main uske roop ka shahdayi
Woh dhoop chaanv sa harjai
Woh shokh hai rang badalta hai
Main rang roop ka saudaai
Jinke sar ho ishq ki chaanv
Panv ke neeche jannat hogi
Jinke sar ho ishq ki chaanv
Panv ke neeche jannat hogi
Sham rat meri kayanat
Woh yar mera saiyyan saiyyan
Chal chaiyya chaiyya chaiyya chaiyya
Chal chaiyya chaiyya chaiyya chaiyya
Chal chaiyya chaiyya chaiyya chaiyya
Chal chaiyya chaiyya chaiyya chaiyya
Woh yar hai jo khusbhu ki tarah
Jiski zuban urdu ki tarah
Meri shamo-raat meri kayanat
Woh yar mera saiyan saiyan
Chal chaiyya chaiyya chaiyya chaiyya
Chal chaiyya chaiyya chaiyya chaiyya
Chal chaiyya chaiyya chaiyya chaiyya
Chal chaiyya chaiyya chaiyya chaiyya. 
Tum paas aaye yun muskuraaye
Tum paas aaye yun muskuraaye
Tumne na jane kya sapne dikaaye
Tum paas aaye yun muskuraaye
Tumne na jane kya sapne dikaaye
Ab to mera dil jage na sota hai
Kya karun hai kuch kuch hota hai
Kya karun hai kuch kuch hota hai


Tum paas aaye yun muskuraaye
Tumne na jane kya sapne dikaaye
Ab to mera dil jage na sota hai
Kya karun hai kuch kuch hota hai
Kya karun hai kuch kuch hota hai


Na jane kaisa ehsaas hai
Bujhti nahin hai kya pyaas hai
Kya nasha is pyaar ka
Mujhpe sanam chhaane laga
Koi na jane kyun chain khota hai
Kya karun hai kuch kuch hota hai
Kya karun hai kuch kuch hota hai…


Kya rang layi meri duaan
Ye ishq jane kaise hua
Baichaineeyon mein chain
Na jane kyun aane laga
Tanhai mein dil yaadein sanjota hai
Kya karun hai kuch kuch hota hai
Kya karun hai kuch kuch hota hai


Tum paas aaye yun muskuraaye
Tumne na jane kya sapne dikhaye
Tum paas aaye yun muskuraaye
Tumne na jane kya sapne dikhaye
Ab to mera dil jage na sota hai
Kya karun hai kuch kuch hota hai
Kya karun hai kuch kuch hota hai…


 O mera dil tha akela,
Tune khel aisa khela
Teri yaad mein jaagun raat bhar
Baazigar o baazigar
Tu hai badha jaadugar
Baazigar o baazigar
Tu hai badha jaadugar


O mera dil tha akela,
Tune khel aisa khela
Teri yaad mein jaagun raat bhar
Baazigar maein baazigar
Dilvaalon ka maein dilbar
Baazigar maein baazigar
Dilvaalon ka maein dilbar
O dil leke dil diya hai
Sauda pyar ka kiya hai
Dil ki baazi jeeta dil haar kar
Baazigar o baazigar
Tu hai badha jaadugar


Chupke se aankhon ke
Raste tu mere dil me samaaya
Chaahat ka jaadu jagaake
Mujhko devaana banaaya
Pehli nazar me bani hai
Tu mere sapnon ki raani
Yaad rakhegi ye duniya
Apni vafaa ki kahaani
O mera chain churaake
Meri neenden udaake
Kho na jaana kisi modh par
Baazigar maein baazigar
Dilvaalon ka maein dilbar
Baazigar o baazigar
Tu hai badha jaadugar
O dil leke dil diya hai
Sauda pyar ka kiya hai
Dil ki baazi jeeta dil haar kar
Baazigar o baazigar
Baazigar maein baazigar


Dhak dhak dhadakta hai ye dil
Bolo na kya keh raha hai
Paas aao bata doon
Na baba dar lag raha hai


Mujhko galat na samajhna
Maein nahin baadal aavara
Dil ki deevaron pe maine
Naam likha hai tumhaara
O tere pyaar pe qurbaan
Mera dil meri jaan
Tujhe lag jaaye meri umar
Baazigar o baazigar
Tu hai badha jaadugar
Baazigar maein baazigar
Dilvaalon ka maein dilbar
O mera dil tha akela,
Tune khel aisa khela
Teri yaad mein jaagun raat bhar
Baazigar o baazigar
Baazigar maein baazigar
Baazigar o baazigar
Baazigar maein baazigar.


 
Aye kash ke hum hosh mein
Abb aane naa paaye
Aye kash ke hum hosh mein
Abb aane naa paaye
Bas nagmein tere pyaar ke,
Gaate hi jaaye
Aye kash ke hum hosh mein
Abb aane naa paaye
Aye  kash ke hum hosh mein
Abb aane naa paaye


Khilati mehakati yeh julfo ki shum
Hasate khanakate yeh hothho ke jam
Khilati mehakati yeh julfo ki shum
Hasate khanakate yeh hothho ke jam
Aa jhum ke sath uthhaye
Bas nagmein tere pyaar ke,
Gaate hi jaaye
Ai kash ke hum hosh mein
Abb aane naa paaye
Bas nagmein tere pyaar ke,
Gaate hi jaaye
Aye kash ke hum hosh mein
Abb aane naa paaye


Ho bas agar tum humare sanam,
Hum toh sitaro pe rakh de kadam
Ho bas agar tum humare sanam,
Hum toh sitaro pe rakh de kadam
Saaraa jahaan bhool jaaye
Bas nagmein tere pyaar ke,
Gaate hi jaaye


Aye kaash ke hum hosh mein
Ab aane naa paaye
Aye kaash ke hum hosh mein
Ab aane naa paaye
Bas nagmein tere pyaar ke,
Gaate hi jaaye
Aye kaash ke hum hosh mein
Ab aane naa paaye
Aye kaash ke hum hosh mein
Ab aane naa paaye."
2000,"Aa aa..aa aa…aa aa..aa aa.. aa..


Na hai yeh pana
Na khona he hai
Tera na hona, jaane
Kuyn hona he hai


Tum Se Hi din hota hai
Surmayi shaam aati hai
Tum Se Hi Tum Se Hi
Har ghadi saans aati hai
Zindagi kehlati hai
Tum Se Hi Tum Se Hi


Na hai yeh pana
Na khona hi hai
Tera na hona, jaane
Kuyn hona hi hai


Aa aa..aa aa…aa aa..aa aa.. aa..


Aankho mein aankhe teri
Bahoo mein Bahe teri
Mera na mujh mein kuch raha
Hua kya
Bathon mein bathein teri
Rathe saogathe meri
Kuyn tera sab yeh ho gaya
Hua kya
Mein kahin bhi jaata hun
Tum Se Hi mil jatha hun
Tum Se Hi Tum Se Hi
Shor mein khamoshi hai
Thodi si behoshi hai
Tum Se Hi Tum Se Hi


Aa aa aa aa aa aa…


Aadha sa vaada kabhi
Aadhe se zyada kabhi
Jee chahe karlu is tarah
Wafa ka
Chode na chute kabhi
Tode na toote kabhi
Jo daaga tum se jud gaya
Wafa ka
Mein tera sarmaya hun
Jo bhi mein ban paya hun
Tum Se Hi Tum Se Hi
Raaste mil jate hai
Manzile mil jati hai
Tum Se Hi Tum Se Hi


Na hai yeh pana
Na khona he hai
Tera na hona, jaane
Kuyn hona he hai


Aa aa aa aa aa aa …


 Sajde mein yun hi jhukta hoon
Tum pe hi aa ke rukhta hoon
Kya yeh sab ko hota hai


Hum ko kya lena hai sab se
Tum se hi sab baatein ab se
Ban gaye ho tum meri dua


Sajde mein yun hi jhukta hoon
Tum pe hi aa ke rukhta hoon
Kya yeh sab ko hota hai


Hum ko kya lena hai sab se
Tum se hi sab baatein ab se
Ban gaye ho tum meri dua
Khuda jaane ke mein fida hoon
Khuda jaane mein mitt gaya
Khuda jaane yeh kyun hua hai
Ke ban gaye ho tum mere khuda


Tu kahe to tere hi kadam ke
Main nishanon pe
Chalun rukun ishaare pe
Tu kahe to khwabon ka bana ke
Main bahana sa
Mila karun sirhaane pe
Ho tum pe dil ki baatein seekhi
Tum se hi yeh raahein seekhi
Tum pe mar ke main to jee gaaya


Khuda jaane ke mein fida hoon
Khuda jaane mein mitt gaya
Khuda jaane yeh kyun hua hai
Ke ban gaye ho tum mere khuda


Dil kahe ke aaj to chupa lo tum
Panahon mein
Ke daar hai tum ko kha doonga
Dil kahe sambhal zara khushi ko
Na nazar laga
Ke daar hai mein to ro doonga


O karti hoon sau vaade tum se
Baandhe dil ke dhaage tum se
Yeh tumhe na jaane kya hua


Khuda jaane ke mein fida hoon
Khuda jaane mein mitt gaya
Khuda jaane yeh kyun hua hai
Ke ban gaye ho tum mere khuda


Sajde mein yun hi jhukta hoon
Tum pe hi aa ke rukhta hoon
Kya yeh sab ko hota hai


Hum ko kya lena hai sab se
Tum se hi sab baatein ab se
Ban gaye ho tum meri dua


Khuda jaane ke mein fida hoon
Khuda jaane mein mitt gaya
Khuda jaane yeh kyun hua hai
Ke ban gaye ho tum mere khuda
Ke ban gaye ho tum mere khuda.

 Zarasi dil mein de jagah tu,
Zara sa apna le bana
Zara sa khaabon mein saja tu,
Zara sa yaadon mein basa
Main chaahu tujhko meri jaan bepanaah
Fida hu tujhpe meri jaan bepanaah
O o o o o o o


Zarasi dil mein de jagah tu,
Zara sa apna le bana
Zara sa khaabon mein saja tu,
Zara sa yaadon mein basa


Main tere main tere kadmo
Mein rakh du yeh jahaan
Mera ishq deewaanagi
Hai nahi hai nahi aashiq
Koyi mujhsa tera, tu mere liye bandagi
Main chaahu tujhko meri jaan bepanaah
Fida hu tujhpe meri jaan bepanaah
O o o o o o o


Zarasi dil mein de jagah tu,
Zara sa apna le bana
Zara sa khaabon mein saja tu,
Zara sa yaadon mein basa
Keh bhi de, keh bhi de il
Mein tere jo hai chhupa
Khaayish hai jo teri
Rakh nahi, rakh nahi parda
Koyi mujhse ai jaan, karle tu mera yakin
Main chaahu tujhko meri jaan bepanaah
Fida hu tujhpe meri jaan bepanaah
O ho o o o o o.



 
Shining in the sand n sun
Like a pearl upon the ocean
Come and feel me
Hu feel me
Shining in the sand n sun
Like a pearl upon the ocean
Come and heal me
Ho heal me
Thinking abt the love we
Make and all life sharing
Come and feel me
Ho feal me


Shining in the sand n sun
Like a pearl upon the ocean
Come and feel me
Comon heel me
Tu aaja tu bhi mera mera
Tera jo ikrarr hua


To kyun na mein bhi
Keh dun keh dun
Hua mujhe bhi pyaar hua
Tera hone laga hun
Khone laga hun
Jab se mila hun


Tera hone laga hun
Khone laga hun
Jab se mila hun
Shining in the sand n sun
Like a pearl upon the ocean
Come and feel me o heal me
Umm waise to maan mera
Phele bhi raaton mein


Aksar hi chahat ke haan
Sapne sanjota tha
Phele bhi dhadkan yeh
Dhun koi gaati thi
Par abb jo hota hai woh
Phele na hota tha
Hua hai tujhe jo bhi jo bhi
Mujhe bhi is paar hua
To na main bhi keh dun keh dun
Hua mujhe bhi pyaar hua


Tera hone laga hun
Khone laga hun
Jab se mila hun
Tera hone laga hun
Khone laga hun
Jab se mila hun
Annkhon se chuu lun ki
Bahein tarasti hain
Dil ne pukara hai haan
Abb tu chale aao


Aao to shabnam ki
Budein barasti hain
Mausam ishara hai haan
Aab to chale au
Bahon mein dale bahein bahein
Bahon ka jaise haar hua
Haan mana mene maana mana
Hua mujhe bhi pyaar hua


Tera hone laga hun
Khone laga hun jab se mila hun
Tera hone laga hun
Khone laga hun jab se mila hun
Shining in the sand n sun
Like a pearl upon the ocean
Come and feel me haan feel me


Shining in the sand n sun
Like a pearl upon the ocean
Come and heal me haan heal me
Thinking abt the love
We make and all life sharing
Come and feel me ho feal me
Shining in the sand n sun
Like a pearl upon the ocean
Come and feel me comon heel me. """"""Hmm hmm hmm hmmm la la la
Hey hey hey hey ah ha
Subhaan allaah
Subhaan allah subhaan allah
Subhaan allaah
Subhaan allah subhaan allah
Valle valle valle valle valle valle
Chaand sifarish jo karta
Hamari deta woh tumko bata
Sharm o haya pe parde gira ke
Karni hain hamko khata
Zidd hain ab toh hain khud ko mitana
Hona hain tujhmein fanaa
Chaand sifarish jo karta hamari
Deta woh tumko bata
Sharm o haya pe parde gira ke
Karni hain hamko khata


Valle valle valle valle
Teri adaa bhi hain jhonke wali
Chhu ke gujar jaane de
Teri lachak hain ke jaise daali
Dil mein utar jaane de
Aaja baahon mein karke bahana
Hona hain tujhmein fanaa
Chaand sifarish jo karta hamari
Deta woh tumko bata
Sharm o haya pe parde gira ke
Karni hain hamko khata


Subhaan allaah
Subhaan allah subhaan allah
Subhaan allaah
Subhaan allah subhaan allah
Hain jo iraaden bata doon
Tumko sharma hi jaaogi tum
Dhadakanen jo suna doon
Tumko ghabraa hi jaaogi tum
Hamko aata nahi hain chhupana
Hona hain tujhmein fanaa
Chaand sifarish jo karta hamari
Deta woh tumko bata
Sharm o haya pe parde gira ke
Karni hain hamko khata
Zidd hain ab toh hain khud ko
Mitana hona hain tujhmein fanaa."""""" Tu hi to jannat meri
Tu hi mera junnon
Tu hi to mannat meri
Tu hi rooh ka sukun
Tu hi ankhiyon ki thandak
Tu hi dil ki hai dastak
Aur kuch na janu mein
Bas itna hi jaanu


Tujhe mein rab dikhta hai
Yaara mein kya karu
Tujhe mein rab dikhta hai
Yaara mein kya karu


Sajde sae jhukta hai
Yaara mein kya karu


Tujhe mein rab dikhta hai
Yaara mein kya karu
Kaise hai yeh doori
Kaise majboori
Mene nazaron se tujhe choo liya
Kabhi teri khusboo
Kabhi teri baatein
Bin maange yeh jahan pa liya


Tu hi dil ki ha rounak
Tu hi janmon ki daulat
Aur kuch na janu


Bas itna hi janu


Tujhe mein rab dikhta hai
Yaara mein kya karu
Tujhe mein rab dikhta hai
Yaara mein kya karu


Sajde sae jhukta hai
Yaara mein kya karu


Tujhe mein rab dikhta hai
Yaara mein kya karu


Rab ne bana di jodi
Cham cham aaye
Mujhse tarshaye
Tera shaya ched ki chumta
O o
Tu jo muskaye
Tu jo sharmaye
Jaise mera hai khuda jhomta
Tu hi meri barkart
Tu hi meri ibaadat


Aur kuch na janu
Bas itna hi janu


Tujhe mein rab dikhta hai
Yaara mein kya karu
Tujhe mein rab dikhta hai
Yaara mein kya karu


Sajde sae jhukta hai
Yaara mein kya karu


Tujhe mein rab dikhta hai
Yaara mein kya karu


Rab ne bana di jodi.

 Kaise bataye kyun tujhko chahe
Yaara bata na paaye
Baatein dilon ki
Dekho zubaan ki
Aankhein tujhe samjhayen
Tu jaane na
Tu jaane na


Tu jaane na
Tu jaane na


Mil ke bhi
Hum na mile
Tumse na jane kyun
Milon ki hai fasle
Tumse hai jaane kyun
Anjane hain silsile
Tum se na jaane kyun
Sapne hai palkon tale
Tum se na jaane kyun


Kaise bataye kyun tujhko chahe
Yaara bata na paaye
Baatein dilon ki dekho zuban ki
Aankhein tujhe samjhayen
Tu jaane na
Tu jaane na


Tu jaane na
Tu jaane na


Nigahon mein dekho
Meri jo har bas gaya
Woh hai milta tumse hoo bahu


Ooo jane teri aankhen thi
Ya baatein thi wajah
Hue tum jo dil ki arzooo
Tum paas ho ke bhi
Tum aas ho ke bhi
Ehsaaas ho ke bhi
Apne nahi


Aise hai humko gile
Tum se na jane kyun


Milon ki hai fasle
Tumse hai jaane kyun
Tu jaane na
Tu jaane na


Tu jaane na
Tu jaane na


Khayalon mein lakhon batein
Yun keh gaya
Bol kuch na tere samne
Oo o
Huye na begane bhi tum


Ho ke aur ke
Dekho tum mere hi bane
Afsoos hota
Dil bhi yeh rota hai
Sapne sanjota hai
Pagla hua soche yeh
Hum the mil
Tum se na jane kyun


Milon ki hai fasle
Tumse hai jaane kyun
Anjane hain silsile
Tum se na jaane kyun
Sapne hai palkon tale
Tum se na jaane kyun


Oo


Kaise bataye kyun tujhko chahe
Yaara bata na paaye
Baatein dilon ki dekhon zuban ki
Aankhe tujhe samjhayen
Tu jaane na
Tu jaane na


Tu jaane na
Tu jaane na. Kabhi Kabhi aditi Zindagi ,

Mein yuhi koi apna lagta hai

Kabhi Kabhi aditi woh bichad jaye to

Ek sapna lagta hai


Aise mein koi kaise apnne aasun ko behene se roke

Aur kaise koi soch de

Everythings gona be ok


Kabhi kabhi to lage zindagi mein rahi na khushi aur na maza

Kabhi kabhi to lage har din muskhil Aur har pal ek saza


Aise mein koi kaise muskuraye kaise hasde kush ho ke

Aur kaise koi soch de

Everything gona be ok


Soch zara janejaa tujhko hum kitna chahte hai

Roote hai hum bhi agar teri aakhon mein aasun aate hain

Gana to aata nahi hai magar phir bhi hum gaate hain


Hey aditi maan kabhi ,kabhi sare jahan mein andhera hota hai

Lekin raat ke baad hi to savera hota


Kabhi Kabhi aditi Zindagi ,

Mein yuhi koi apna lagta hai

Kabhi Kabhi aditi woh bichad jaye to

Ek sapna lagta hai


Hey aditi hasde hasde hasde hasde hasde tu zara

Nahi to bas thoda thoda thoda thoda thoda thoda muskura


Tu Kush Hai to lage ki jahan mein chai hai kushi

Suraj nikle badlon se aur baate zindagi

Sunto zara madhosh hawa tujhse kehne lagi


Ki Aditi woh ko bichadte hain ek na ek din phir mil jate hain

Aditi jane tu ya jaane na phool phir khil jate hain


Kabhi Kabhi aditi Zindagi ,

Mein yuhi koi apna lagta hai

Kabhi Kabhi aditi woh bichad jaye to

Ek sapna lagta hai


Hey aditi hasde hasde hasde hasde hasde tu zara

Nahi to bas thoda thoda thoda thoda thoda thoda muskura


Hey aditi hasde hasde hasde hasde hasde tu zara

Nahi to bas thoda thoda thoda thoda thoda thoda muskura Kehne ko jashan-e-bahara hai
Ishq yeh dekhke hairaan hai
Kehne ko jashan-e-bahara hai
Ishq yeh dekhke hairaan hai
Phool se khusboo khafa khafa hai gulsan mein
Chupa hai koi ranj fiza ki chilman mein


Sare sehmein nazare hain
Soye soye vaqt ke dhare hain
Aur dil mein koi khoyi si baatein hain
Oo.. Kehne ko jashan-e-bahara hai
Ishq yeh dekhke hairaan hai
Phool se khusboo khafa khafa hai gulsan mein
Chupa hai koi ranj fiza ki chilman mein


Kaise kahen kya hai sitam
Sochte hai abb yeh hum
Koi kaise kahen woh hai ya nahi humare
Karte to hai saath safar
Fasle hain phir bhi magar
Jaise milte nahi kisi dariya ke do kinare
Pass hain phir bhi paas nahi
Hum ko yeh gum raas nahi
Seeshe ki ek diware hai jaise darmiyan


Sare sehmein nazare hain
Soye soye vaqt ke dhare hain
Aur dil mein koi khoyi si baatein hain
Oo.. Kehne ko jashan-e-bahara hai
Ishq yeh dekhke hairaan hai
Phool se khusboo khafa khafa hai gulsan mein
Chupa hai koi ranj fiza ki chilman mein


Humne jo tha nagma suna
Dil ne tha usko chuna
Yeh dastan humen vaqt ne kaise sunai
Hum jo agar hai gumgin
Woh bhi udhar khush to nahi
Mulakato mein jaise ghul si gai tanhai
Milke bhi hum milte nahi
Khilke bhi gul khilte nahi
Aankhon mein hai baharein dil mein khilza


Sare sehmein nazare hain
Soye soye vaqt ke dhare hain
Aur dil mein koi khoyi si baatein hain
O hoo kehne ko jashan-e-bahara hai
Ishq yeh dekhke hairaan hai
Phool se khusboo khafa khafa hai gulsan mein
Chupa hai koi ranj fiza ki chilman mein. Aankhon mein teri
Ajab si ajab si adayein hai
Hoo aankhon mein teri
Ajab si ajab si adayein hai
Dil ko banade jo patang saa se
Yeh teri woh haawaien hai


Aankhon mein teri
Ajab si ajab si adayein hai
Hoo aankhon mein teri
Ajab si ajab si adayein hai
Dil ko banade jo patang saa se
Yeh teri woh haawaien hai


Aai aise raat hai jo
Bhahut khushnaseeb hai
Chahe jise door se duniya
Woh mere kareeb hai
Kitna kuch kehna hai
Phir bhi hai dil mein
Saawal kahin
Sapno mein jo roj kaha hai
Woh phir se kahun ya nahi


Aankhon mein teri
Ajab si ajab si adayein hai
Hoo aankhon mein teri
Ajab si ajab si adayein hai
Dil ko banade jo patang saa se
Yeh teri woh haawaien hai


Tere saath saath esha
Koi noor aaya hai
Chand teri roshni ka
Halka sa ek saaya hai
Teri nazaron ne dil ka
Kiya jo hasar asar yeh hua
Abb inmein hi doob
Ke ho jau paar yehi hai dua


Aankhon mein teri
Ajab si ajab si adayein hai
Hoo aankhon mein teri
Ajab si ajab si adayein hai
Dil ko banade jo patang saa se
Yeh teri woh haawaien hai


Aankhon mein teri
Ajab si ajab si adayein hai
Hoo aankhon mein teri
Ajab si ajab si adayein hai
Dil ko banade jo patang saa se
Yeh teri woh haawaien hai.

"
2010,"Mann yeh saahib ji
Jaane hai sab ji
Phir bhi banaye bahaane
Naina nawaabi ji
Dekhe hain sab ji
Phir bhi na samjhe ishaare
Mann yeh saahib ji
Haan karta bahaane
Naina nawaabi ji na
Samjhe ishaare


Dheere dheere
Nainon ko dheere dheere
Jiya ko dheere dheere
Bhaayo re saibo
Dheere dheere
Begaana dheere dheere
Apna sa dheere dheere
Laage re saibo


Saibo saibo
Surkhhiyaan hain hawaaon mein
Do dilon ke milne ki
Arziyaan hain nazaaron mein
Lamha yeh tham jaane ki


Ho kaisi huzoori ji
Yeh lab dikhlaaye
Chuppi laga ke bhi
Ghazab hai yeh dhaaye


Dheere dheere
Nainon ko dheere dheere
Jiya ko dheere dheere
Bhaayo re saibo
Dheere dheere
Begaana dheere dheere
Apna sa dheere dheere
Laage re saibo


Saibo saibo dheere dheere
Nainon ko dheere dheere
Jiya ko dheere dheere
Bhaayo re saibo
Dheere dheere
Begaana dheere dheere
Apna sa dheere dheere
Laage re saibo
Saibo saibo haye saibo.


 Chidiya chidiya o son chidiya
Bhadiya bhadiya bhai bahut bhadiya
Saiya saiya o more saiya
Aaja re aaja pakad mori baiya
Haye saiya saiya o more saiya
Aaja re aaja pakad mori baiya


Aaja sunday wale din
Khele saturday ka khel mel
Tera mera hoke rahega sawariya
Chidiya chidiya mai teri chidiya
Bhadiya bhadiya bhai bahut bhadiya


Budhiya budhiya tang kare budhiya
Chal usko de de zeher ki pudiya
O hame karna hai pyar
Bane bich me deewar
Is aashiqi ko lag gayi kiski nazariya
Chidiya chidiya o son chidiya
Bhadiya bhadiya bhai bahut bhadiya


O teri kamar hai chhala
O tere ghunghar wale baal
Tujhe pata nahi chala
Tere ham hai sawariya. Hai duniya
Duniya duniya duniya
Ye duniya badi gol hai,hai duniya
Duniya duniye duniya, hai isme kitne jhol
Galiyo galiyo chappa chappa,
Aplam chaplam laare lappa
Tauba tauba rabba rabba,jee jee jee jee


Tola pal me, pal me masa
Pol me chora, pal me fasa
Agdam tigdam, dekh tamasha
Jee jee jee jee, hai duniya
Duniya duniya duniya,
Ye duniya badi gol hai


Hai duniya, duniya duniya duniya
Hai isme kitne jhol, jhol tol tol tol
Tol tol tol tol
Are adi tedi, tirchi tirchi
Mitti mithi, mirchi mirchi
Dikhti asli, lekin farzi
Jee jee jee jee


Aati jati, dukke dukke
Ankh micholi, chupke chupke
Khud me rahti, niche chupke
Jee jee jee jee
Hai duniya,duniya duniya duniya
Ye duniya badi gol hai, hai duniya
Duniya duniya duniya, hai isme kitne jhol
Jhol tol tol tol, tol tol tol tol


Tu sula ke bulaye, phir thenga dikhaye
Kaise chuna lagaye, rama ho
Pehle lori sunaye, phir horn bajaye
Kaise chuna lagaye, rama ho
Na jhatka lage eye, na khatka lage eye
Bina shore fatka lage eye


Are bhaiya bhaiya, bhaiya bhaiya
Bhaiya bhaiya, are bhaiya bhaiya
Bhaiya bhaiya, ho
Galiyo galiyo chappa chappa
Aplam chaplam lare lappa
Tauba tauba rabba rabba, jee jee jee jee


Tola pal me, pal me masa
Pol me chora,pal me fasa
Agdam tigdam,dekh tamasha
Jee jee jee jee


Hai duniya, duniya duniya duniya
Ye duniya badi gol
Gol gol gol gol gol hai
Hai. Duniya, duniya duniya duniya
Hai isme kitne jhol
Jhol tol tol tol
Tol tol tol tol.

 Kaisi teri khudgarzi
Na dhoop chune na chhanv
Kaise teri khudgarzi
Kisi thor tike na panv


Kaisi teri khudgarzi
Na dhoop chune na chhanv
Kaise teri khudgarzi
Kisi thor tike na panv


Ban liya apna paigambar
Tar liya sat samandar
Phir bhi sookha man ke andar
Kyun rahega


Re kabira maan ja
Re fakeera maan ja
Aaja tujhko pukaarein
Teri parchhaiyaan
Re kabira maan ja
Re fakeera maan ja
Aisa tu hai mere
Mohi kaisa harjaaiyaa


Tooti charpayi mohi
Thandi puravayi rasta dekhe
Doodhon ki malayi mohi
Mitti ki suraahi rasta dekhe


Kaisi teri khudgarzi
Lab naam tera mera mishri
Kaisi teri khudgarzi
Tujhe preet purani bisri


Mast maula mast kalander
Tu hawa ka ek bawandar
Bujh ke yoon andar hi andar
Kyun reh gaya


Re kabira maan ja
Re fakeera maan ja
Aaja tujhko pukaarein
Teri parchhaiyaan
Re kabira maan ja
Re fakeera maan ja
Aisa tu hai mere mohi kaisa
Harjaaiyaa. Pal bhar thahar jaao
Dil ye sambhal jaaye
Kaise tumhe roka karun
Meri taraf aata har
Gham phisal jaaye
Aankhon mein tum ko bharun
Bin bole baatein tumse karun
‘Gar tum saath ho
Agar tum saath ho


Behti rehti
Nahar nadiya si
Teri duniya mein
Meri duniya hai
Teri chaahaton mein
Main dhal jaati hoon
Teri aadaton mein
‘Gar tum saath ho


Teri nazron mein
Hai tere sapne
Tere sapno mein
Hai naraazi
Mujhe lagta hai
Ke baatein dil ki
Hoti lafzon ki dhokebaazi
Tum saath ho ya na
Ho kya fark hai
Bedard thi zindagi bedard hai
Agar tum saath ho
Agar tum saath ho


Palkein jhapakte
Hi din ye nikal jaaye
Bethi bethi bhaagi phirun
Meri taraf aata har
Gham phisal jaaye
Aankhon mein tum ko bharun
Bin bole baatein tumse karun
‘Gar tum saath ho
Agar tum saath ho


Teri nazron mein
Hai tere sapne
Tere sapno mein
Hai naraazi
Mujhe lagta hai
Ke baatein dil ki
Hoti lafzon ki dhokebaazi
Tum saath ho ya na
Ho kya fark hai
Bedard thi zindagi bedard hai


Agar tum saath ho
Dil ye sambhal jaaye
Agar tum saath ho
Har gham phisal jaaye
Agar tum saath ho
Dil ye nikal jaaye
Agar tum saath ho
Har gham phisal jaaye.

 Yeh bhi na jaane
Woh bhi na jaane
Naino ke rang naina jaane
Mila jo sang tera
Uda patang mera
Hawa mein hoke malang

Jag ki koi reet na jaane
Main toh bas teri hui deewani
Mila jo sang tera
Uda patang mera
Hawa mein hoke malang

Main chhod aayi ghar baar mera
O Makhna ve makhna
Ab tu hi hai sansaar mera
O Makhna ve makhna
Yeh paagal sa hai pyaar mera
O Makhna ve makhna
Main chhod aayi ghar baar mera
O Makhna...

Chhod aayi ghar baar mera
O Makhna ve makhna
Ab tu hi hai sansaar mera
O Makhna ve makhna
Yeh paagal sa hai pyaar mera
O Makhna ve makhna
Main chhod aayi ghar baar mera
O Makhna...

Teri hi baatein ho
Subah si raatein ho
Jab se mila hai tu
Dil ko mila sukoon
Tu hi raah meri, tu hi safar hai
Teri baahon mein, ab mera ghar hai

Chain na jaane dard na jaane
Dil toh bas dil ko pehchaane
Mila jo sang tera
Uda patang mera
Hawa mein hoke malang

Main chhod aayi ghar baar mera
O Makhna ve makhna
Ab tu hi hai sansaar mera
O Makhna ve makhna
Yeh paagal sa hai pyaar mera
O Makhna ve makhna
Main chhod aayi ghar baar mera
O Makhna...

Chhod aayi ghar baar mera
Ab tu hi hai sansaar mera
Yeh paagal sa hai pyaar mera
Main chhod aayi ghar baar mera
O Makhna...

mmm....

Main chhod aayi ghar baar mera
Tu hi hai sansaar mera
Yeh paagal sa hai pyaar mera
Main chhod aayi ghar baar mera
O Makhna... Haule Se, Dheeme Se,
Mujh Ko Baahon Mai Bhar Lo Na Tum
Naram Si, Sanson Mai,
Mujhko Aahon Mai Bhar Lo Na Tum

Sun Zara Mere Paas Aa
Ab Beithe Hain Hum Bhi Yaha
Dil Ke Darmiyan
Baarishein Hain Barishein Hain

Teri Hi Baaton Pe Maine
Saja Li Hai Duniya Yahan
Dil Ke Darmiyan
Baarishein Hain Baarishein

Ab Tu Aati Hai Bulati Hai,
Bistar Se Youn Girati Hai
Ke So Un Mai
Baahon Mai Bus Teri

Jab Baarishein Barasti Hain
Pagal Jaise Thirakti Hain
Tum Jaisi Ho
Bus Wesi Hi Raho

Ab Tere Bina Yahan Meri Saansain
Jaise Bina Nindiya Ki Raatain Hain Toh
Aur Tu Hi Mere Dil Ki Raza Hai
Tere Bina Dil Bhi Khafa Hai Toh

Teri Aankhon Ka Kajal
Na Phele Ab Kabhi Bhi
Tujhe Itna Pyaar Dun

Teri Khushion Ki Khatir
Ye Duniya Mai Meri
Ikk Pal Mai Waar Dun Mai

Ab Bikhri Teri Ye Zulfon Se
Ankhain Teri Jab Dikhti Hain
Dikhta Hai Mujhe Wo Aasman

Ke Kholon Pankh Mai Mere
Urr Jaoun Mai Kho Jaoun Mai
Is Aasman Mai
Patangon Ki Tarhan Hawaaon mein bahenge
Ghataon mein rahenge
Tu barkha meri
Main tera baadal piya

Jo tere na huve toh
Kisi ke na rahenge
Deewani tu meri
Main tera paagal piya

Hazaaron mein kisi ko taqdeer aisi
Mili hai ik Ranjha aur Heer jaisi

Na jaane ye zamaana
Kyun chaahe re mitaana
Kalank nahi ishq hai kaajal piya
Kalank nahi ishq hai kaajal piya
Piya, piya, piya re...
Piya re, piya re...
Piya re, piya re, piya re, piya re...

Duniya ki nazron mein ye rog hai
Ho jinko woh jaane ye jog hai
Ik tarfa shayad ho dil ka bharam
Do tarfa hai toh ye sanjog hai

Layi re humein zindgani ki kahaani
Kaise mod pe
Huve re khud se paraaye
Hum kisi se naina jod ke

Hazaaron mein kisi ko taqdeer aisi
Mili hai ik Ranjha aur Heer jaisi

Na jaane ye zamaana
Kyun chaahe re mitaana
Kalank nahi ishq hai kaajal piya
Kalank nahi ishq hai kaajal piya

Main tera, main tera, main tera, main tera
Main tera, main tera, main tera, main tera
Main gehra tamas tu sunhera savera
Main tera o, main tera
Musaafir main bhatka tu mera basera
Main tera o.. main tera

Tu jugnu chamakta
Main jungle ghanera
Main tera aa...
O piya main tera, main tera, main tera
Ho... main tera
Ho... main tera, main tera, main tera Khairiyat Puchon
Kabhi To Kaifiyat Puchon
Tumhare Bin Deewane Ka
Kya Haal Hai

Dil Mera Dekho
Na Meri Haisiyat Puchon
Tere Bin Ek Din Jaise
100 Saal Hai

Anjaam Hai Tai Mera
Hona Tumhe Hai Mera
Jitni Bhi Ho Dooriyan
Filhaal Hain

Yeh Dooriyan Filhaal Hain

Ho Ho Khairiyat Puchon
Kabhi To Kaifiyat Puchon
Tumhare Bin Deewane Ka
Kya Haal Hai

Dil Mera Dekho
Na Meri Haisiyat Puchon
Tere Bin Ek Din Jaise
100 Saal Hai

Tumhari Tasveer Ke Sahare
Mausam Kayi Guzare
Mausami Na Samjho
Par Ishq Ko Humare

Nazron Ke Saamne Main
Aata Nahi Tumhare
Magar Rehte Ho Har Pal
Manzar Mein Tum Humare

Agar Ishq Se Hai Mila
Fir Dard Se Kya Gila
Iss Dard Mein Zindagi
Khush Haal Hai

Yeh Dooriyan Filhaal Hain

Ho Ho Khairiyat Puchon
Kabhi To Kaifiyat Puchon
Tumhare Bin Deewane Ka
Kya Haal Hai

Dil Mera Dekho
Na Meri Haisiyat Puchon
Tere Bin Ek Din Jaise
100 Saal Hai

Anjaam Hai Tai Mera
Hona Tumhe Hai Mera
Jitni Bhi Ho Dooriyan
Filhaal Hain
 Hansta rehta hu tujhse mil kar kyu aajkal
Badle badle hain mere tevar kyun aajkal
Aankhein meri har jagah
Dhoondhe tujhe bewajah
Ye main hoon ya koi aur hai meri tarah

Kaise hua, kaise hua
Tu itna zaroori kaise hua
Kaise hua, kaise hua
Tu itna zaroori kaise hua

Main baarish ki boli samajhta nahi tha
Hawaaon se main yun ulajhta nahi tha
Hai seene mein dil bhi
Kahaan thi mujhe ye khabar

Kahin pe hon raatein
Kahin pe savere
Awaargi hi rahi saath mere
Thehar ja, thehar ja
Ye kehti hai teri nazar

Kya haal ho gaya hai ye mera
Aankhein meri har jagah
Dhoondhe tujhe bewajah
Ye main hoon ya koi aur hai meri tarah

Kaise hua, kaise hua
Tu itna zaroori kaise hua
Kaise hua, kaise hua
Tu itna zaroori kaise hua
Kaise hua, kaise hua
Tu itna zaroori kaise hua

hmm mmm…"
2020,"Jab Chalte Chalte Raah Mude
Jab Jugnu Muthi Khol Ude
Jab Nayan Yeh Tode Rule Sabhi
Aur Khulke Karle Bhool Sabhi
Bhool Sabhi Bhool Sabhi

Toh Atak Gaya Hai
Yeh Mann Atak Gaya Hai
Kuchh Chatak Gaya Hai
Yeh Mann Atak Gaya Hai

Toh Atak Gaya Hai
Yeh Mann Atak Gaya Hai
Kuchh Chatak Gaya Hai
Yeh Mann Atak Gaya Hai Oye

Kabhi Jheel Hai Tu
Aur Kabhi Yaadon Ki Naav Hai
Tu Hi Dil Ka Kinaara Mera

Kabhi Dhoop Hai Tu
Aur Kabhi Taaron Ki Chhaon Hai
Saara Hi Hai Sahara Mera

Jab Baaki Duniya Dhundhli Lage
Jab Raat Bhi Ujli Ujli Lage
Jab Dil Ko Dua Maalum Pade
Aur Dhandkan Jhatt Se Boom Kare
Boom Kare Boom Kare

Toh Atak Gaya Hai
Yeh Mann Atak Gaya Hai
Kuchh Chatak Gaya Hai
Yeh Mann Atak Gaya Hai

Toh Atak Gaya Hai
Yeh Mann Atak Gaya Hai
Kuchh Chatak Gaya Hai
Yeh Mann Atak Gaya Hai Haaye

Ataka Jaave Ataka Jaave
Silsila Prem Ka
Aa Hath Pe Rakhe Bulbula Prem Ka

Ataka Jaave Ataka Jaave
Silsila Prem Ka
Aa Hath Pe Rakhe Bulbula Prem Ka
Yeh Bulbula Prem Ka

 Haan Akhiyaan Mila Le
Mila Le
Ke Aansu Vi Na Aawe
Na Aawe
Ha Ankhiyaan Mila Le
Mila Le
Ke Aansu Vi Na Aawe
Na Aawe
Jag Saara Firyaan Main
Tujhsa Na Koi Paawa
Main Tha Dil Da Aawara
Tere Dar Pe Kahan Se Aawa

Haan Akhiyaan Mila Le
Mila Le
Ke Aansu Vi Na Aawe
Na Aawe
Haan Ankhiyaan Mila Le
Mila Le
Ke Aansu Vi Na Aawe
Na Aawe
Kyun Nasoor Se Ban Gaye
Khwaab Mere (Khwaab Mere)
Kyun Har Pal Mein Tera Naam
Dil Ye Le Ho Ho…

Jag Saara Firyaan Main
Tujhsa Na Koi Paawa
Main Tha Dil Da Aawara
Tere Dar Pe Kahan Se Aawa
Haan Akhiyaan Mila Le
Mila Le
Ke Aansu Vi Na Aawe
Na Aawe
Haan Ankhiyaan Mila Le
Mila Le
Ke Aansu Vi Na Aawe
Na Aawe
Haan Akhiyaan Mila Le Dua Bhi Lage Na Mujhe

Dawa Bhi Lage Na Mujhe

Jab Se Dil Ko Mere Tu Laga Hain


Neend Raaton Ki Meri

Chahat Baaton Ki Meri

Chain Ko Bhi Mere Tumne

Yun Thaga Hain


Jab Saanse Bharu Main

Band Aankhein Karun Main

Nazar Tu Yaar Aaya


Dil Ko Karaar Aaya

Tujhpe Hai Pyaar Aaya

Pehli Pehli Baar Aaya Oh Yaara


Dil Ko Karaar Aaya

Tujhpe Hai Pyaar Aaya

Pehli Pehli Baar Aaya Oh Yaara


Har Roj Puchein Yeh Hawayein

Hum Toh Bata Ke Haare

Kyun Jikar Tera Karte Hai Humse Taare


Har Roj Puchein Yeh Hawayein

Hum Toh Bata Ke Haare

Kyu Jikar Tera Karte Hain Humse Taare


Ab Fir Se Hai Tere

Inn Hothon Pe Mere

Izhaar Aya Yaara


Dil Ko Karaar Aaya

Tujhpe Hai Pyaar Aaya

Pehli Pehli Baar Aaya Oh Yaara


Dil Ko Karaar Aaya

Tujhpe Hai Pyaar Aaya

Pehli Pehli Baar Aaya Oh Yaara Mujhko Itna Bataye Koyi
Kaise Tujhse Dil Na Lagaye Koyi
Rabba Ne Tujhko Banane Mein
Kardi Hai Husn Ki Khaali Tijoriyan

Kajal Ki Siyahi Se Likhi
Hai Tune Jaane
Kitno Ki Love Story’an

Kesariya Tera Ishq Hai Piya
Rang Jaaun Jo Main Hath Lagaun
Din Beete Saara Teri Fikr Mein
Rain Saari Teri Khair Manaun

Kesariya Tera Ishq Hai Piya
Rang Jaaun Jo Main Hath Lagaun
Din Beete Saara Teri Fikr Mein
Rain Saari Teri Khair Manaun

Patjhad Ke Mausam Mein Bhi
Rangi Chanaron Jaisi
Jhanke Sannnaton Mein Tu
Veena Ke Taaron Jaisi

Hmm Sadiyon Se Bhi Lambi Yeh
Mann Ki Amavasein Hain
Aur Tu Phuljhadiyon Wale
Tyoharon Jaisi

Chanda Bhi Deewana Hai Tera
Jalti Hai Tujhse
Saari Chhakoriyan

Kajal Ki Siyahi Se Likhi
Hai Tune Jaane
Kitno Ki Love Story’an

Kesariya Tera Ishq Hai Piya
Rang Jaaun Jo Main Hath Lagaun
Din Beete Saara Teri Fikr Mein
Rain Saari Teri Khair Manaun

Kesariya Tera Ishq Hai Piya
Rang Jaaun Jo Main Hath Lagaun
Din Beete Saara Teri Fikr Mein
Rain Saari Teri Khair Manaun

Kesariya Tera Ishq Hai Piya
Ishq Hai Piya
Kesariya Tera Ishq Hai Piya
Ishq Hai Piya

Piya Ishq Hai Piya
Ishq Hai Piya
Kesariya Tera Ishq Hai Piya
Rang Jaaun Jo Main Hath Lagaun Roothi Ae Sabte Rabba
Rabba Dil Bhi Hai Rootha
Sab Kuchh Hai Bikhra Bikhra
Bikhra Sa Rootha Rootha

Chup Maahi Chup Hai Ranjha
Bole Kaise Ve Na Ja
Bole Kaise Ve Na Ja
Aaja Aaja

Bole Kaise Ve Na Ja
Bole Kaise Ve Na Ja
Chup Maahi Chup Hai Ranjha
Aaja Aaja

Ve Mera Dola Ni Aaya Dola
Ve Mera Dola Ni Aaya Dola
Ve Mera Dola Ni Aaya Dola
Ve Mera Dola Ni Aaya Dola

Oh Rabb Vi Khel Hai Khele
Roz Lagave Mele
Kehnda Kuch Na Badla
Jhooth Bole Har Velle

Oh Rabb Vi Khel Hai Khele
Roz Lagave Mele
Kehnda Kuch Na Badla
Jhooth Bole Har Velle

Chup Maahi Chup Hai Ranjha
Bole Kaise Ve Na Ja
Bole Kaise Ve Na Ja
Aaja Aaja

Bole Kaise Ve Na Ja
Bole Kaise Ve Na Ja
Chup Maahi Chup Hai Ranjha
Aaja Aaja

Ni Main Rajj Rajj Hijar Manawa
Ni Main Khud Toh Russ Murjhawa
Ni Main Rajj Rajj Hijar Manawa
Ni Main Khud Toh Russ Murjhawa

Kalli Bheed Ch Baithi
Teri Peed Le Baithi
Russeya Ranjha Ve Mera
Main Vi Kamm Na Aithi

Kalli Bheed Ch Baithi, Baithi
Teri Peed Le Baithi, Baithi
Russeya Ranjha Ve Mera, Mera
Main Vi Kamm Na Aithi

Chup Maahi Chup Hai Ranjha
Bole Kaise Ve Na Ja
Bole Kaise Ve Na Ja
Aaja Aaja

Bole Kaise Ve Na Ja
Bole Kaise Ve Na Ja
Chup Maahi Chup Hai Ranjha
Aaja Aaja



Read Full Lyrics at iLyricsHub: https://www.ilyricshub.com/ranjha-shershaah-b-praak/ Teri Meri Gallan Ho Gayi Mashhoor
Kar Na Kabhi Tu Mujhe Nazron Se Door
Kithe Chali Ae Tu Kithe Chali Ae Tu
Kithe Chali Ae Kithe Chali Ae

Jaanda Ae Dil Yeh Toh Jaandi Ae Tu
Tere Bin Main Na Rahun Mere Bina Tu
Kithe Chali Ae Tu Kithe Chali Ae Tu
Kithe Chali Ae, Jaan Chali Ae

Kaatun Kaise Raatan Oh Saawre?
Jiya Nahi Jaata Sunn Baawre?

Ke Raataan Lambiyan Lambiyan Re
Kate Tere Sangeyan Sangeyan Re
Ke Raatan Lambiyan Lambiyan Re
Kate Tere Sangeyan Sangeyan Re

Cham Cham Cham Ambran De Taare
Kehnde Ne Sajjna
Tu Hi Chan Mere Is Dil Da
Mann Le Ve Sajjna

Tere Bina Mera Howe Na Guzara
Chhad Ke Na Jawin Mainu
Tu Hi Hai Sahara

Kaatun Kaise Raatan Oh Saawre?
Jiya Nahi Jaata Sunn Baawre?

Ke Raatan Lambiyan Lambiyan Re
Kate Tere Sangeyan Sangeyan Re
Ke Raataan Lambiyan Lambiyan Re
Kate Tere Sangeyan Sangeyan Re

Teri Meri Gallan Ho Gayi Mashhoor
Kar Na Kabhi Tu Mainu Nazron Se Door
Pichhe Chali Ae Tere Pichhe Chali Ae
Tere Pichhe Chali Ae

Jaanda Ae Dil Yeh Toh Jaandi Ae Tu
Tere Bina Main Na Rahun Mere Bina Tu
Kithe Chali Ae Tu Kithe Chali Ae Tu
Kithe Chali Ae

Kaatun Kaise Raatan Oh Saawre?
Jiya Nahi Jaata Sunn Baawre?

Ke Raatan Lambiyan Lambiyan Re
Kate Tere Sangeyan Sangeyan Re
Ke Raatan Lambiyan Lambiyan Re
Kate Tere Sangeyan Sangeyan Re

Ke Raatan Lambiyan Lambiyan Re
Kate Tere Sangeyan Sangeyan Re
Ke Raatan Lambiyan Lambiyan Re
Kate Tere Sangeyan Sangeyan Re Carnival!
The Last Ride!
King!

Tu Aake Dekh Le
Ho Maine Raatein Kitni Saari
Teri Yaadon Mein Guzaari Sohniye
Sohniye

Tu Aake Dekhle
Ho Maine Raatein Kitni Saari
Teri Yaadon Mein Guzaari Sohniye
Sohniye

Log Kehte Bechara
Zara Puchon Toh Kyun Hara
Jab Pyar Mila Nahi To Dil Ka
Katal Kar Naam Bana Daala

Yeh Jhoomta Aawara
Kaise Jeeta Chala Ja Raha
Bekhauf Nigah Meri Jhaank Ke Dekho
Toh Taj Bana Raha

Par Tere Aage Kuch Bhi Nahi
Sab Khakh Barabar
Main Kho Jaunga Mil Ke
Mujhse Baat Kara Kar

Par Tere Aage Kuch Bhi Nahi
Sab Khakh Barabar
Main Kho Jaunga Mil Ke
Mujhse Baat Kara Kar

Ke Tu Meri Aankhon Mein
Hai Poori Jachti
Aur Tere Aage Meri Nahi Ek Chalti

Yeh Duniya Wale Nikaale Na Kami
Main Apne Uppar Lelu Teri Saari Galti

Aur Mit Jayenge Yeh Faasle
Bann Jayenge Naye Kaafile

Hey Ae Ae…

Tu Aake Dekh Le
Ho Maine Raatein Kitni Saari
Teri Yaadon Mein Guzaari Sohniye
Sohniye

Tu Aake Dekhle
Ho Maine Raatein Kitni Saari
Teri Yaadon Mein Guzaari Sohniye
Sohniye

Log Kehte Mujhko Galat
Main Rakhta Teri Talab
Par Kya Karun Teri Tasveeron Ko
Dekhke Uthti Tadap

Main Rokta Khudko Nahi
Aasun Aa Jaate Hain
Main Woh Nahi Jo Kare Pyar Kisi Se Bhi
Naam Ka Rakh Ke Farak

Bas Mere Aage Apni Hi Tu Baat Kara Kar
Dil Dukh Na Jaaye Mera Thoda
Dhayan Rakha Kar

Bas Mere Aage Apni Hi Tu Baat Kara Kar
Dil Dukh Na Jaaye Mera Thoda
Dhayan Rakha Kar

Ke Tu Meri Yaadon Mein
Hai Poori Basti
Aur Tere Siwa Koyi
Acha Lagta Nahi

Yeh Duniya Wale Nikale Na Kami
Main Apne Uppar Lelu Teri Saari Galti

Aur Mit Jayenge Yeh Faasle
Bann Jayenge Naye Kaafile

Hey Ae Ae…

Tu Aake Dekh Le
Ho Maine Raatein Kitni Sari
Teri Yaadon Mein Guzaari Sohniye
Sohniye

Tu Aake Dekhle
Ho Maine Raatein Kitni Saari
Teri Yaadon Mein Guzaari Sohniye
Sohniye!

Woh Ho Ho…



Read Full Lyrics at iLyricsHub: https://www.ilyricshub.com/tu-aake-dekhle-king/ Dekhoon main tujhe yaa
Dekhoon kudarat ke nazaare
Mushqilon mein hai ye dil mera
Maana teri surat ki hai chaandi 100 ṭakka billo
Mere dil ka sona bhi khara

Ye teri chaand baaliyan
Hain honthon pe ye gaaliyan
Ye teri chaand baaliyan
Hain honthon pe ye gaaliyan

Sochne ka mauka na diya haaye
Main toh tere peechhe ho liya
Main toh tere peechhe ho liya
Main toh tere peechhe ho liya

Suit patiala tera jutti amritasariya
Dil kamzor hai mera
Mukk jaane nakhare tere
Mera ishq nahiyon mukkana
Pakka hai promise jatt da

Lade nainon ke peche
Tu door se mujhko khenche
Lade nainon ke peche
Tu door se mujhko khenche

Dor tu patang main tera
Main toh teri chhat pe ja gira
Main toh tere peechhe ho liya
Main toh tere peechhe
 Meri Jaan Meri Jaan Meri Jaan
Meri Jaan Meri Jaan Meri Jaan

Aayi Hai Jo Raat Nasheeli
Iski Har Ik Baat Nasheeli
Tu Bhi Aa Karle Nasha

Dono Ki Mulaqat Nasheeli
Nashe Ki Yeh Barsaat Nasheeli
Tu Bhi Aa Karle Nasha

Meri Jaan Meri Jaan Meri Jaan
Meri Jaan Meri Jaan Meri Jaan

Subah Tak Bhi Na Utrega
Nasha Yeh Iss Pal Ka
Ismein Jeele Kya Karna Hai
Vaada Yeh Kal Ka

Subah Tak Bhi Na Utrega
Nasha Yeh Iss Pal Ka
Ismein Jeele Kya Karna Hai
Vaada Yeh Kal Ka

Ik Teri Hi Khatir
Yeh Jaam Hai Chhalka

Meri Jaan Meri Jaan Meri Jaan
Meri Jaan Meri Jaan Meri Jaan

Meri Aankhon Se Kam Gehra
Nasha Paimano Ka Ho Ho Ho

Meri Aankhon Se Kam Gehra
Nasha Paimano Ka
Inmein Hi Toh Doobna Chahe
Dil Mehmano Ka

Teri Khatir Hai Toda
Yeh Khwaab Deewano Ka Haaye

Meri Jaan Meri Jaan Meri Jaan
Meri Jaan Meri Jaan Meri Jaan

Aayi Hai Jo Raat Nasheeli
Iski Har Ik Baat Nasheeli
Tu Bhi Aa Karle Nasha

Dono Ki Mulaqat Nasheeli
Nashe Ki Yeh Barsaat Nasheeli
Tu Bhi Aa Karle Nasha

Meri Jaan Meri Jaan Meri Jaan
Meri Jaan Meri Jaan Meri Jaan



Read Full Lyrics at iLyricsHub: https://www.ilyricshub.com/meri-jaan-gangubai-kathiawadi/ Hare Ram
Hare Ram Hare Ram
Hare Krishna Hare Ram
Hare Ram Hare Ram
Hare Krishna Hare Ram

Let Go Let Go
Kithe Gayi Haaye Mere Dil Di Shawty
Oh My God Oh Lagdi Hottie
Mainu Vi Oh Kar Gayi Naughty
Par Kill Karna Uski Hobby

Madly Searching For This Fine Shawty
In My World The Number One Hottie
Every Where She Make Him Go Crazy
Par Kill Karna Uski Hobby

Teri Aankhein Bhool Bhulaiyaa
Baatein Hain Bhool Bhulaiyaa

Teri Aankhein Bhool Bhulaiyaa
Baatein Hain Bhool Bhulaiyaa
Tere Sapnon Ki Galiyon Mein
You Keep Driving Me So Crazy

Dil Mein Tu Rehti Hai
Betabi Kehti Hai
I Keep Praying All Day
All Day All Night Long

Hare Ram Hare Ram
Hare Krishna Hare Ram
Hare Ram Hare Ram
Hare Krishna Hare Ram

Hare Ram Hare Ram
Hare Krishna Hare Ram
Hare Ram Hare Ram
Hare Krishna Hare Ram Ho Ho

Ho Dil Baby Dil Yeh Tera
Ho Jaane De Na Mera
Kintu Parantu Mein
Na Time Gawa

Ho Rehne De Soch Mein Na Pad
Gaur Mujhpe Thoda Kar
Maara Maara Hoon Jabse
Tujhko Hai Dekha

Tu Meri Khamoshi Hai
Tu Meri Madhoshi Hai
Tu Mera Hai Afsana
Making Me So Happy
Shaking My Body

Tu Hai Aawara Dhadkhan
Tu Hai Raaton Ki Tadpan
Tu Hai Meri Dil Jaana
Everything About You
Baby I Like It

Teri Zulfon Ke Neeche
Mere Khwaabon Ki Jannat
Teri Baahon Mein Aake
Bechaini Ko Milti Raahat

My Only Wish Is
If I Ever Ever Could Make You Mine
Everyone Pray With Me Now
All Day All Night Long

Hare Ram Hare Ram
Hare Krishna Hare Ram
Hare Ram Hare Ram
Hare Krishna Hare Ram

Hare Ram Hare Ram
Hare Krishna Hare Ram
Hare Ram Hare Ram
Hare Krishna Hare Ram Ho Ho

Hey Baby!
I’m Watching You!

Where’s She At
I’m Searching For This Fine Shawty
And You Think Like I Be Getting Naughty
I’m For You, You Know I Don’t Play That
‘Cause I Mean It When You Hear Me See That

Madly Searching For This Fine Shawty
In My World The Number One Hottie
Every Where She Make Him Go Crazy
Gosta You Get Me Yes Not A May Be"
